RowID,Expectancy
1,63.2599627806
2,61.6558686058
3,66.7498144018
4,67.7973067784
5,73.6298362807
6,73.2674991117
7,70.8281000723
8,70.3764460346
9,60.6129270875
10,69.9836742288
11,57.3429866451
12,58.9451241824
13,47.9050160021
14,40.2911906101
15,70.0395918742
16,70.8419398695
17,59.7324238768
18,71.198146178
19,49.3786458686
20,46.424580338
21,77.1928602917
22,72.1872758016
23,46.1613154647
24,75.273374803
25,70.0002426299
26,57.9069918264
27,78.2643588982
28,60.1161729416
29,70.3053639478
30,55.9764890388
31,69.6667032525
32,82.4787346868
33,55.8479393308
34,70.8193718939
35,67.4876456686
36,80.4485416224
37,73.7680099034
38,48.1183935109
39,68.592510941
40,51.7540294534
41,73.1003640052
42,72.7102541027
43,72.909646818
44,64.6486056111
45,71.0638274391
46,61.0876429341
47,65.7804826793
48,56.3020996623
49,54.6115557982
50,62.9552274647
51,75.6644847605
52,74.3628794604
53,79.5561790844
54,66.2914771656
55,43.1392209648
56,67.4941307294
57,70.7207161176
58,58.6199055285
59,64.8692627331
60,60.8335820566
61,58.7845669737
62,56.5292492857
63,77.5807433176
64,53.718649647
65,50.8591934808
66,48.2126090928
67,47.5268901409
68,51.9754368622
69,55.0430874211
70,49.5407391161
71,43.499258589
72,51.2832875016
73,76.5148925026
74,38.1797679486
75,64.494190556
76,39.1598639913
77,56.7187437303
78,61.8316489871
79,74.0807112137
80,71.3511983286
81,49.8691593963
82,65.3307145374
83,69.534100372
84,76.2139684847
85,68.8366665982
86,76.4646334506
87,69.3131789406
88,61.1625176231
89,55.5581072439
90,47.403816412
91,69.3042852572
92,64.6431366193
93,64.1656378567
94,54.6296284742
95,72.4702217178
96,74.9366260189
97,55.2253309193
98,55.5601947898
99,68.6649383696
100,79.0497769648
101,71.0509688878
102,65.9892941843
103,77.6075941029
104,64.8031783529
105,59.2628855564
106,67.2566228432
107,67.5328291336
108,45.3618954196
109,48.5407904823
110,57.7241555393
111,36.3617051002
112,67.4790146327
113,57.2176660972
114,68.6096519244
115,56.8818819783
116,71.1450564696
117,76.3090370103
118,76.8394874346
119,47.4045978206
120,80.0298559359
121,57.5001633144
122,80.9910284363
123,63.5876605723
124,63.3285435969
125,61.4326154501
126,55.6474935702
127,72.26727446
128,36.3709009756
129,66.5450759737
130,76.0494674834
131,77.0676400968
132,63.2994600806
133,68.0672958676
134,74.3865348136
135,77.7183773683
136,69.7731683561
137,66.7257046841
138,69.6014472282
139,69.4767765763
140,70.855999635
141,73.1405230985
142,54.9793613169
143,45.7836079361
144,60.091607311
145,73.2020031768
146,69.1501605345
147,59.4055027726
148,58.3909470586
149,68.2075478582
150,75.401100763
151,57.7639771641
152,46.4155696453
153,66.3056034806
154,69.5035110323
155,71.7812700933
156,74.0678229001
157,72.8306279702
158,61.3874439957
159,71.9280316948
160,67.5604104524
161,51.2362147416
162,72.5649871826
163,53.8980660391
164,71.5859310792
165,66.8428168722
166,67.0971731809
167,55.1841325288
168,71.8751457139
169,72.7653615215
170,69.8872409481
171,63.2004792242
172,67.6322145368
173,57.2250347326
174,69.2284178781
175,60.5046102694
176,70.8766180359
177,66.1398625138
178,76.0980288817
179,43.333784651
180,62.2675757455
181,56.1023216625
182,41.6139497285
183,66.2170381452
184,66.5839348972
185,71.0961414753
186,72.7407866374
187,73.7551627584
188,51.3073254954
189,69.2556587446
190,54.1958530162
191,69.7901912727
192,39.6113281628
193,46.5923580887
194,74.9930061869
195,69.4231602886
196,69.8860047595
197,48.6771870981
198,61.6037087771
199,55.0303999646
200,69.9457609724
201,57.9770661911
202,71.7846826988
203,66.8586496787
204,61.2941087024
205,75.286613691
206,44.9778946225
207,48.9314494369
208,69.7247555421
209,44.3166670846
210,64.0516111544
211,64.5104618261
212,68.5256989734
213,60.4430883426
214,68.9363473571
215,69.0968630196
216,56.8380557145
217,67.58258948
218,74.972758076
219,74.1141423896
220,59.6449703934
221,49.7096078703
222,74.7744871083
223,72.2610360325
224,54.1929344328
225,54.5892118322
226,70.0634464982
227,65.8569423562
228,45.8794948842
229,44.0474140809
230,51.2563586849
231,62.2980179362
232,63.145112066
233,57.3939049976
234,76.7999469266
235,73.2701083646
236,68.3196477607
237,69.5366974632
238,65.7387532905
239,74.2079013787
240,79.6904426801
241,74.4861747817
242,50.7921969725
243,74.3521865996
244,75.7153055172
245,77.0669660663
246,46.2682330443
247,44.1368461458
248,73.9727521084
249,60.6642822417
250,68.915623882
251,69.1357394681
252,80.8990427905
253,55.6320938639
254,57.1916558294
255,56.4687596689
256,76.401026282
257,77.4079335279
258,36.844634972
259,71.1775247555
260,48.4237078298
261,72.3349440169
262,43.8494323882
263,45.5556552245
264,71.1994045749
265,71.8989858344
266,76.2381737586
267,73.1328667367
268,65.6095793318
269,40.4357592517
270,69.6666721306
271,64.4466720052
272,37.6828524146
273,42.1361922462
274,78.3189389824
275,67.6761019867
276,62.6036310101
277,40.7873728535
278,45.5170108682
279,52.9597286564
280,39.7722923732
281,74.4970704636
282,45.4221383274
283,44.5992530596
284,53.1980917147
285,69.2034580495
286,49.6209601601
287,63.828520671
288,68.1202779336
289,67.7001716689
290,67.5652150825
291,72.6235164227
292,41.7646037942
293,72.1852125413
294,63.0384490514
295,74.175813505
296,72.072429166
297,56.7179654943
298,43.1926371508
299,72.2434408358
300,71.0300481815
301,34.5991330666
302,47.4601574888
303,43.0861266108
304,65.7599740737
305,78.6770274852
306,59.2112343288
307,61.7026856677
308,50.0369539544
309,34.8043262368
310,56.1333504856
311,58.4396338888
312,60.4126647345
313,49.1072659634
314,69.5201588999
315,76.398818441
316,69.6620586131
317,53.8679173158
318,75.6322315329
319,52.6573108258
320,69.5949072507
321,74.4586969508
322,66.4707932425
323,75.0428821073
324,76.7995770143
325,48.27433622
326,35.7105757836
327,64.8677874272
328,63.9800498131
329,75.7427572874
330,78.2061998726
331,80.469553126
332,62.0315124965
333,65.9360457316
334,69.0620127763
335,74.6450563941
336,71.1480956125
337,45.987324743
338,62.436050415
339,66.7770121357
340,48.2062399458
341,48.6502125428
342,49.7274123088
343,56.6122694865
344,48.4228841952
345,54.9177909322
346,70.7112518915
347,75.220610137
348,74.4659171529
349,43.8209865683
350,67.0855546706
351,56.358271495
352,68.3209771638
353,70.3448494637
354,74.3040627961
355,70.3563472634
356,78.6665200715
357,67.4125198515
358,57.8475926088
359,45.3164889647
360,70.2944942512
361,66.0616909443
362,54.4839165943
363,53.4407541256
364,70.4991116665
365,71.0531900236
366,38.8344777173
367,73.2195013821
368,53.0327987293
369,59.5453965215
370,73.988459521
371,69.2511132118
372,67.229373743
373,70.637445582
374,58.749057241
375,68.6604458648
376,67.826519579
377,72.5164226117
378,67.7958006906
379,69.6242870671
380,75.7387758765
381,55.9756025182
382,52.8783613148
383,64.8969470487
384,69.1379046298
385,71.1472177789
386,74.0697764028
387,54.8682995031
388,77.1421220232
389,59.9367166274
390,57.6032954301
391,46.6922271275
392,62.1841469944
393,71.2449990452
394,69.3120970773
395,47.609682102
396,56.82233225
397,48.0123715542
398,52.8655229323
399,43.4670168811
400,67.6565460356
401,53.6422607875
402,52.0876687305
403,73.346381008
404,62.0979229767
405,56.8941659833
406,79.1083231256
407,80.1518847022
408,57.9035322359
409,67.4247869359
410,42.8940888584
411,67.0115059579
412,70.5594650873
413,67.5425442233
414,38.4674405013
415,67.1568330821
416,73.4648530412
417,75.4854481008
418,68.5612638115
419,63.1801211291
420,69.885920534
421,49.1818866163
422,44.7963088385
423,79.9213243994
424,56.6590123696
425,70.4818923497
426,60.2403482871
427,74.2773778179
428,81.6664775433
429,63.9697606304
430,58.1149313143
431,54.320098537
432,43.9508512516
433,77.8862266163
434,40.2196856961
435,63.0149034934
436,68.4943153457
437,65.4110266808
438,68.453156424
439,53.7313244508
440,68.3438426858
441,71.5339853268
442,59.9653508781
443,39.4223282314
444,48.5612907032
445,72.5189616893
446,72.2989560118
447,52.6434658919
448,49.5744870252
449,67.5996177598
450,78.1318527071
451,51.4072858603
452,61.6500985174
453,74.6093840646
454,71.8255872065
455,60.9383223505
456,77.4114799877
457,69.8652143573
458,72.9322922206
459,69.8751166315
460,47.3071002016
461,61.6180517744
462,56.3478260985
463,71.58235244
464,68.6930501957
465,62.5539541339
466,62.194755743
467,61.5261596453
468,63.6316354204
469,71.7013743939
470,56.2432508185
471,68.0313966203
472,45.3164389582
473,73.354774324
474,77.8767303618
475,71.191679473
476,74.2179850965
477,69.9406603067
478,73.9950219334
479,59.1809572277
480,70.9323348244
481,69.7544569261
482,67.7208152242
483,70.4103988799
484,60.1365901078
485,70.3190679267
486,67.1933864178
487,46.2166182263
488,76.9789080478
489,73.1907282914
490,43.3141450032
491,47.0870718626
492,75.0122100528
493,70.2352074349
494,58.605800742
495,76.1582235959
496,70.0350683987
497,70.0755875842
498,64.4724982611
499,55.5050093018
500,70.3992961468
501,81.5603763089
502,80.3357506176
503,67.3008545602
504,68.8932972521
505,52.3508418244
506,73.2680011409
507,73.5372480638
508,59.2248885655
509,63.9819491169
510,72.0212261087
511,63.1132096394
512,54.2087495256
513,70.3484967676
514,62.5261476724
515,75.5979321168
516,74.395806643
517,79.5939874177
518,66.3688513879
519,42.3309455343
520,75.8769677795
521,71.0303285051
522,58.1884173025
523,74.8116501912
524,72.5168352788
525,57.6590465886
526,56.7597173936
527,77.2553652017
528,69.6475876157
529,73.8137071062
530,48.1168858368
531,42.7759495726
532,52.8053506152
533,50.2750538741
534,59.0486334999
535,51.935450299
536,69.1759772726
537,63.2648514096
538,64.6646726627
539,40.8071539095
540,57.2675079874
541,74.0684817475
542,74.4165353303
543,62.785738048
544,49.706417688
545,72.0242463669
546,69.1906292604
547,76.692420053
548,70.0868085351
549,68.9967517664
550,76.5389189012
551,71.5045428134
552,60.9647539724
553,62.1397850112
554,58.9022670784
555,54.9892783212
556,47.356080008
557,73.0241845008
558,65.03245975
559,55.7980461876
560,72.7805088912
561,49.6307643853
562,75.2017421156
563,52.7653063028
564,54.2188248965
565,78.68287772
566,71.4634953112
567,75.806530943
568,65.7529056285
569,78.2901241189
570,48.3397347856
571,68.2497552551
572,60.0491486729
573,64.2513612804
574,53.7545685343
575,70.312657649
576,68.2303377661
577,49.3723574723
578,35.946704449
579,66.9762420654
580,42.6519853573
581,56.8459334798
582,68.6911979147
583,45.4719646945
584,70.9733191764
585,79.9494898579
586,70.8624811456
587,49.864682377
588,57.2309036633
589,80.2019049012
590,57.8308309045
591,80.6397488282
592,63.8230807616
593,62.4017366844
594,35.5332542646
595,50.831370061
596,71.8948330265
597,40.9563027561
598,66.9137791549
599,67.2847838449
600,76.7395768874
601,43.8176266132
602,67.4745133655
603,74.52803523
604,77.6935903719
605,66.264830561
606,69.3794366818
607,70.010757824
608,56.2238942515
609,72.0257597064
610,70.7529365615
611,74.3496732051
612,43.8475184299
613,77.2562873009
614,68.9555685969
615,78.5341832378
616,54.6833975764
617,58.9895711087
618,70.0667014547
619,58.6287601584
620,67.8265836357
621,76.1565044139
622,70.3709318709
623,69.8041955174
624,65.5418448873
625,59.0565676548
626,45.466241931
627,50.8475867168
628,69.8905915364
629,71.7498298116
630,74.1927288546
631,70.9044919156
632,71.6548292708
633,73.0508617741
634,52.7008145021
635,61.9138405677
636,76.2816437825
637,73.7482854258
638,52.7590423433
639,70.8581765052
640,71.3652069545
641,72.8600438184
642,54.5914357251
643,42.6258148344
644,72.4636653485
645,40.4722268888
646,64.891727032
647,56.9749814024
648,74.0961926904
649,66.5724351335
650,72.0807564613
651,74.9733189498
652,42.6525630384
653,81.1770262765
654,56.7286917432
655,68.338528246
656,65.9505685108
657,49.0866846897
658,53.9214029595
659,74.4092389097
660,52.3477282382
661,69.5195613143
662,64.4629379499
663,51.0605284436
664,70.8443216758
665,69.4838132197
666,75.015081349
667,47.4407799976
668,75.016782855
669,69.664123233
670,72.1071145841
671,46.4355402276
672,50.0259484017
673,74.0674339521
674,61.9569853603
675,63.8598340856
676,56.3392312456
677,69.9560657161
678,58.7156191911
679,72.3560068867
680,66.7029184776
681,64.1018387445
682,61.2984090371
683,75.5039556522
684,45.6875909107
685,49.9974559368
686,62.543232304
687,60.1642584848
688,69.7648063131
689,76.5558300963
690,66.1168975075
691,38.5994819792
692,79.3648695238
693,63.8981401802
694,62.398582383
695,72.9286553411
696,68.2545724246
697,75.2499547524
698,60.7718419368
699,69.4968051722
700,69.0221812938
701,50.811741895
702,56.1227787131
703,68.6967231071
704,38.281489986
705,74.1662758553
706,74.5905504888
707,73.7248575947
708,59.1978416443
709,48.7517661671
710,74.5891055872
711,53.0708920318
712,54.1037821628
713,80.8313677948
714,65.4037210823
715,44.5304145058
716,44.7295295035
717,51.2031887923
718,63.7385634243
719,60.7306779918
720,77.2461934609
721,74.1091473268
722,62.1099257516
723,68.8829537571
724,69.653080251
725,67.1576218558
726,79.9675145669
727,52.6125481105
728,74.5938732034
729,74.3418043533
730,29.1024613711
731,71.3080445847
732,69.39384468
733,68.055014582
734,77.2604586157
735,45.0882575913
736,64.8762939378
737,74.1524001773
738,59.8379403294
739,69.5393549098
740,69.0258234609
741,80.6722066898
742,56.1631329603
743,59.581874092
744,75.3279285242
745,62.069930426
746,70.9119151654
747,49.1742383749
748,75.9782408913
749,67.4243726825
750,73.2275873316
751,72.9286931104
752,65.8336923429
753,73.9686808067
754,69.8668424399
755,79.6813663445
756,38.1551573725
757,59.4650887593
758,78.4617128278
759,67.2059771849
760,57.654325844
761,39.5706297242
762,73.2970519868
763,68.8488891904
764,32.7105167691
765,39.1527950929
766,74.4008634208
767,44.7865055953
768,41.1202071917
769,44.3370211006
770,55.2525817191
771,52.3693001624
772,69.4295318906
773,67.7570412513
774,71.8773549146
775,50.0941509587
776,65.4719952876
777,60.4238438748
778,42.4890458891
779,69.6722904621
780,72.5068028516
781,74.1700707615
782,56.4271835478
783,53.5263732306
784,72.9994382197
785,47.235393222
786,68.8004923905
787,66.7898420202
788,78.766284225
789,60.7650889028
790,50.0249451741
791,62.706386755
792,55.6911304965
793,58.0662986831
794,72.945406621
795,60.769930358
796,49.7053752182
797,69.2328113518
798,50.3821124842
799,42.466736633
800,51.5109347353
801,69.390054835
802,73.3687051452
803,66.0318163881
804,74.9389945304
805,76.5064124683
806,59.6156559935
807,35.1879314007
808,63.6195140876
809,64.7804694978
810,75.8275174434
811,78.5740673707
812,81.1123627011
813,62.4293524865
814,66.8402226514
815,64.7050788426
816,69.0935911424
817,66.7999508546
818,76.9059657484
819,47.7518156071
820,49.6636453761
821,57.1951756997
822,48.9237878252
823,68.769801527
824,70.6400135154
825,75.5187637782
826,74.4482835071
827,44.5840299248
828,68.0801376494
829,69.8276661032
830,67.4184684376
831,74.1192010558
832,41.9337699059
833,69.9007355341
834,77.7085167158
835,72.3925321976
836,78.4164088032
837,67.2450419511
838,55.0375163012
839,45.9583333459
840,63.1479561305
841,69.1301093526
842,52.6798544402
843,54.270941215
844,70.7505887475
845,71.4891185949
846,70.344131923
847,39.8768630075
848,71.2199439625
849,43.6232634441
850,46.9195360996
851,73.7319913052
852,54.5332462197
853,67.9067582234
854,59.7022124564
855,69.6938896557
856,74.6950378418
857,68.4389912822
858,70.3097021273
859,67.7821631101
860,72.3127411191
861,54.6218600887
862,30.8815318193
863,63.2302944825
864,51.1951369106
865,69.3382552496
866,70.7280879257
867,73.8891961126
868,51.0998047177
869,49.0715455914
870,73.0034800614
871,60.6734210477
872,70.9547933446
873,48.3631528344
874,65.7159838535
875,52.4388969724
876,43.0341423337
877,63.0560668719
878,72.5459025166
879,65.5477402187
880,49.0866490732
881,66.2776447712
882,56.7080336845
883,66.9667251134
884,42.1028287906
885,51.6626193736
886,70.7420928502
887,65.9273237474
888,67.0433774891
889,66.9235935022
890,72.8951509683
891,69.8108811331
892,73.5643531875
893,69.640302828
894,68.7507225263
895,68.005661464
896,68.7783765132
897,62.4286076385
898,47.2674321845
899,71.4006035682
900,69.5607378365
901,51.1684619035
902,44.4865114949
903,79.0834001598
904,60.9726432196
905,73.3654257897
906,81.7410776119
907,63.1274466184
908,59.1833094229
909,52.1533807811
910,43.7728385548
911,78.0973139092
912,42.9735931925
913,62.8089467039
914,61.6857933951
915,71.9978485107
916,72.8549618863
917,70.0738538988
918,52.7731251103
919,68.7964896778
920,39.2850799183
921,59.9296663114
922,49.1082828257
923,67.5833950232
924,72.9160323946
925,69.2297718312
926,49.7336933778
927,67.7159816629
928,77.8988021246
929,51.6802443703
930,74.3064404478
931,72.0668725495
932,69.4021447059
933,71.920390063
934,42.697345847
935,61.9124308293
936,56.6318174306
937,55.5259688727
938,71.9278569741
939,63.4936435813
940,64.3736025366
941,62.5730130413
942,60.9501596583
943,64.6091648895
944,55.4149592938
945,70.5305638077
946,67.6388444051
947,77.9559292935
948,49.5273948141
949,43.2518488818
950,63.0576708954
951,70.5301407163
952,73.6936848707
953,60.865947459
954,60.7748195913
955,71.0085042821
956,70.260623743
957,71.6930618286
958,73.4001186106
959,70.1950010545
960,55.8580650858
961,75.9923218076
962,72.7554930885
963,73.3712084931
964,44.2337228378
965,74.9179191967
966,70.2362315867
967,54.2313521357
968,63.4745677155
969,68.4311416173
970,70.2708782536
971,54.795835325
972,70.5165201319
973,61.2384082681
974,70.2043628504
975,67.1962469875
976,67.6847539467
977,69.1995077605
978,70.1529455657
979,73.500527939
980,60.0645201655
981,63.2167822961
982,54.038587438
983,72.1763655408
984,63.6843946098
985,53.7891885361
986,59.9484677079
987,70.520912397
988,72.516288153
989,62.2767427652
990,76.3376159668
991,75.5945879492
992,74.2082314822
993,65.8840227033
994,40.6398093724
995,75.9740556018
996,57.4009734428
997,57.7240238001
998,74.8135374466
999,72.1563013662
1000,57.9911681449
1001,65.9296761692
1002,57.6610323084
1003,78.057533944
1004,70.0025962603
1005,73.9635279438
1006,37.5542038644
1007,47.4511148812
1008,42.5320612464
1009,73.7000542065
1010,52.5339624008
1011,59.5058160914
1012,42.3901705223
1013,53.0631364879
1014,45.0770022326
1015,42.4276539642
1016,62.8016549668
1017,35.4233358024
1018,56.8912769733
1019,73.8527934008
1020,67.4226621118
1021,49.4270197047
1022,75.8381905886
1023,76.4967540326
1024,70.2543177085
1025,68.5713483603
1026,76.3735658249
1027,56.6806535249
1028,61.4407174894
1029,54.5879746616
1030,47.6436877487
1031,73.1289264188
1032,51.2997542655
1033,56.3369412942
1034,71.4614578851
1035,64.9692904029
1036,49.2591901723
1037,74.7180937965
1038,54.0366121802
1039,65.467795457
1040,78.5493011475
1041,75.038992929
1042,71.4127380069
1043,75.7842603627
1044,56.3940020646
1045,63.8185774548
1046,79.2346723198
1047,72.8121210986
1048,65.1030280991
1049,68.3586145533
1050,68.7207689191
1051,49.0739395217
1052,35.7315932548
1053,67.1836590909
1054,42.3725511154
1055,56.6194201177
1056,68.7576973792
1057,61.2724328372
1058,55.570632368
1059,68.8145998964
1060,79.6248605558
1061,46.701764475
1062,47.2252378558
1063,57.6928722268
1064,79.9688861205
1065,73.8034693652
1066,81.3430609373
1067,73.8891967169
1068,62.4150256166
1069,69.9817717146
1070,57.6366388302
1071,71.7120813049
1072,67.4709463592
1073,47.6679386479
1074,74.261572734
1075,77.3270778845
1076,66.1565345538
1077,68.8332661544
1078,54.8595372191
1079,71.8465250601
1080,71.9299013497
1081,74.0034598927
1082,69.0145809816
1083,76.3036513376
1084,70.3775856849
1085,57.3991324547
1086,67.2735316966
1087,71.7369485232
1088,76.9130276973
1089,70.7189547095
1090,54.6126864972
1091,44.6825623087
1092,67.0895465058
1093,59.0190907847
1094,50.882026899
1095,71.6087297496
1096,65.0412603699
1097,71.2912347624
1098,73.4566441904
1099,43.0466252695
1100,54.6185398291
1101,57.0864603779
1102,45.1130675892
1103,49.2112921158
1104,72.3199241563
1105,73.8501554432
1106,57.0540335627
1107,70.886351406
1108,58.227822672
1109,71.1786535282
1110,67.9922007948
1111,53.6158046156
1112,55.0270055261
1113,71.6715072783
1114,35.9613854059
1115,64.3583700728
1116,58.253431679
1117,56.2914812447
1118,74.4880982201
1119,74.8244418909
1120,41.8771804583
1121,52.2984145514
1122,57.5640614198
1123,69.7697520492
1124,65.7670640096
1125,49.5955883064
1126,73.1846700234
1127,74.2105502893
1128,53.7713457617
1129,68.7109989128
1130,64.7012044321
1131,57.8954979169
1132,77.5011314921
1133,69.783201161
1134,75.1975945199
1135,47.1092154626
1136,60.366052722
1137,69.0827055827
1138,55.3294457917
1139,61.2918062116
1140,57.2421178534
1141,64.3017691811
1142,57.0717660507
1143,73.2568891166
1144,71.7201111293
1145,65.7951594438
1146,61.3358974268
1147,65.5520132084
1148,75.1182477592
1149,45.4999819085
1150,45.5863601382
1151,63.0547740294
1152,58.7725118883
1153,79.7192382812
1154,70.9244176279
1155,45.122209379
1156,64.4566043438
1157,63.0786203441
1158,73.2959093906
1159,67.4517034398
1160,69.3418876723
1161,71.4644912871
1162,55.7894536764
1163,67.6804163716
1164,38.2501496419
1165,74.2913763216
1166,74.2306926463
1167,59.3910329838
1168,58.1254740422
1169,74.2554765456
1170,53.624187054
1171,80.4806003382
1172,65.1933616034
1173,44.8360596081
1174,74.0992651458
1175,70.2965251809
1176,50.379725579
1177,63.1308466468
1178,75.4218415364
1179,61.9105111302
1180,71.4722784061
1181,73.9510806244
1182,70.4959356478
1183,69.780491895
1184,66.4517478565
1185,77.954327876
1186,76.0301704029
1187,74.252341091
1188,74.6857773431
1189,73.1926237805
1190,31.0258870455
1191,69.5692514854
1192,77.0024840855
1193,71.9445568122
1194,76.668952262
1195,75.6756596329
1196,73.6494425405
1197,54.4476443376
1198,54.6591524181
1199,69.4758104381
1200,69.2876865651
1201,71.8028090071
1202,70.9941326935
1203,71.7042365499
1204,70.6951658797
1205,55.121167249
1206,59.0083348491
1207,75.936797718
1208,63.1132462756
1209,68.0809008155
1210,71.0919058771
1211,49.6672869767
1212,79.53634636
1213,76.0342568879
1214,61.482595727
1215,75.7562499849
1216,35.9574239372
1217,72.4462613398
1218,72.4652200076
1219,66.6116653291
1220,69.0375220422
1221,56.5042987861
1222,48.7344490278
1223,39.0699141096
1224,77.4877406205
1225,58.919114821
1226,40.1217852677
1227,69.2635628729
1228,70.2339299268
1229,66.5501682546
1230,74.4969608571
1231,44.4147843465
1232,40.5218273201
1233,52.7039773016
1234,70.5532486415
1235,61.6606589969
1236,76.1487160107
1237,54.257610321
1238,54.7140833033
1239,71.4044962968
1240,62.1889117024
1241,72.4299733379
1242,43.0771877176
1243,72.2683319998
1244,54.0583672476
1245,62.5935929931
1246,39.4244751505
1247,73.7092996729
1248,77.1948909193
1249,68.9013160479
1250,54.6460828498
1251,59.6062280636
1252,62.49924926
1253,47.1786539814
1254,73.1994159056
1255,48.5974718226
1256,78.4556190566
1257,60.2428490289
1258,58.0222523378
1259,49.8726607219
1260,63.2048374969
1261,70.7124145055
1262,70.9742159702
1263,76.1114822237
1264,59.2219910952
1265,58.9646653279
1266,69.2776534581
1267,69.2496609829
1268,41.9443817139
1269,50.9333146728
1270,69.6993356837
1271,75.5464981381
1272,65.9538627851
1273,74.8384354846
1274,73.2275951121
1275,60.4261538817
1276,34.5200313908
1277,56.2814971622
1278,63.6051690508
1279,65.4481918033
1280,75.0104858852
1281,79.6063119114
1282,57.8749923706
1283,81.5405012829
1284,47.7012452607
1285,57.8341261986
1286,66.6048096005
1287,60.4320930632
1288,71.4338495991
1289,66.7835456924
1290,49.4301211291
1291,70.7092718748
1292,50.8855260717
1293,48.7699566076
1294,68.3029927924
1295,70.7849857595
1296,75.6245204812
1297,74.5618294442
1298,45.6520319268
1299,68.1128422954
1300,68.8253423105
1301,68.9328312638
1302,54.8459195052
1303,74.0143057946
1304,70.0262607537
1305,77.4747769951
1306,72.7486459713
1307,78.2313349507
1308,50.9887131795
1309,71.9352151096
1310,78.2129471278
1311,55.6101121053
1312,44.3114201763
1313,50.7838853515
1314,57.2533326102
1315,55.1373019455
1316,71.335558523
1317,38.4272482466
1318,39.9444235245
1319,71.0818334145
1320,78.5170822899
1321,43.7015968549
1322,60.6595908816
1323,74.0146694372
1324,54.557299359
1325,66.331376935
1326,70.7381985353
1327,70.1499963893
1328,38.4637500272
1329,60.0379590705
1330,50.9297569955
1331,50.6314810196
1332,70.2364676447
1333,68.1283906238
1334,36.0172059843
1335,74.3386013673
1336,60.7746665124
1337,72.1380555559
1338,62.6360470989
1339,28.5470951571
1340,50.7159837779
1341,63.7407995167
1342,69.0052054377
1343,70.4029079475
1344,74.4405029599
1345,51.5853565707
1346,48.4642665599
1347,69.7334437606
1348,48.4351524882
1349,76.6561304225
1350,60.6645108969
1351,61.1391790409
1352,77.5983740929
1353,41.1493707411
1354,59.9496984199
1355,71.4833927721
1356,49.0777716684
1357,67.4687330794
1358,53.5998712294
1359,70.9768035435
1360,67.9417772199
1361,48.6588773822
1362,65.1096441439
1363,57.0354729076
1364,61.6017783137
1365,41.269509306
1366,62.3512138518
1367,50.1473102758
1368,45.8638081315
1369,69.8934215886
1370,65.986126928
1371,61.786959582
1372,59.8651422935
1373,46.3501074385
1374,66.1480607892
1375,66.6331309706
1376,71.5038292007
1377,73.1699479358
1378,69.6111167681
1379,67.867978993
1380,68.9997302518
1381,68.3465425095
1382,58.4832430547
1383,71.9044998471
1384,69.4274689325
1385,47.4161412456
1386,60.6014928912
1387,79.3475881898
1388,58.0796210789
1389,70.1812982087
1390,73.1659073782
1391,62.5334093075
1392,49.7681256663
1393,72.6262679903
1394,54.8766765028
1395,53.1398921627
1396,70.6910820385
1397,70.8967767848
1398,43.5323624186
1399,63.2100302819
1400,73.4488777689
1401,70.5152275916
1402,69.9863512398
1403,55.7575036984
1404,38.7275033328
1405,60.6303203696
1406,49.6286007343
1407,67.2919774575
1408,71.7978202895
1409,68.9872620838
1410,50.8666110653
1411,68.270183601
1412,77.6634998133
1413,51.5466831321
1414,71.0297557718
1415,70.0967377011
1416,72.5842600907
1417,76.5565550398
1418,41.6999556287
1419,74.6334437002
1420,63.0352910486
1421,62.1844079801
1422,57.2291393469
1423,58.2936955443
1424,71.4581544328
1425,64.5231860321
1426,60.3761778728
1427,65.5507590417
1428,54.1147012238
1429,67.8721469086
1430,40.2360493122
1431,51.0258838163
1432,69.3487034411
1433,77.2698895294
1434,70.3517241525
1435,73.1590594301
1436,60.7867617843
1437,71.3688381686
1438,61.1051993795
1439,71.5154434053
1440,39.3233324938
1441,71.2297205406
1442,73.3795974278
1443,69.7046701412
1444,75.882923164
1445,75.5299524742
1446,71.3321561908
1447,73.0106939184
1448,41.7386972408
1449,74.2250968253
1450,75.2001641906
1451,70.3352744225
1452,54.8276101292
1453,63.1672970234
1454,51.7260228525
1455,54.7032409895
1456,73.0842424147
1457,54.545878873
1458,74.3041038135
1459,47.0553840788
1460,70.4296211016
1461,67.4408684155
1462,71.1996529456
1463,67.1921849015
1464,69.3900963812
1465,69.7029678043
1466,60.9915119209
1467,66.1636740052
1468,55.9525790828
1469,63.8429601311
1470,53.2836744101
1471,73.79047983
1472,51.3038471713
1473,52.177082024
1474,71.2184754929
1475,62.0977921439
1476,76.0616234506
1477,76.0626844652
1478,66.2912395213
1479,50.6096622731
1480,40.4463406553
1481,75.3278461116
1482,58.3582450187
1483,57.1333987925
1484,75.1431023626
1485,72.8065939422
1486,79.2791820564
1487,56.9856040879
1488,65.5966272637
1489,77.8570353442
1490,70.2728640113
1491,58.1167776655
1492,40.0280466741
1493,75.6857762856
1494,46.161243552
1495,41.9111319438
1496,73.8128010967
1497,45.7057714934
1498,53.8509658587
1499,45.6885222633
1500,41.9244635931
1501,73.4021964498
1502,64.592025568
1503,37.3897418409
1504,57.9638376897
1505,38.8329631314
1506,44.8471467046
1507,68.6374328915
1508,72.7394486229
1509,76.7833929534
1510,74.1992621091
1511,69.8869223264
1512,68.248836404
1513,76.0611773198
1514,61.0799285964
1515,53.2317359849
1516,54.1210612684
1517,82.3125184314
1518,73.4280027635
1519,51.88413586
1520,57.2383436826
1521,72.1293701323
1522,49.323518923
1523,74.8923201608
1524,57.3018034
1525,64.8583648984
1526,78.358700063
1527,75.1592126979
1528,71.7911157136
1529,75.2705692253
1530,62.6628700861
1531,56.4839382738
1532,72.4588586033
1533,65.4022302911
1534,66.4542154746
1535,69.2258612756
1536,48.9958521399
1537,49.4018606054
1538,48.3801115055
1539,35.4387070684
1540,56.7768168308
1541,68.9032158427
1542,69.5492654177
1543,59.4395133292
1544,56.1401897468
1545,80.1879961373
1546,81.1404009526
1547,62.9368635499
1548,53.2259874249
1549,58.3808386774
1550,68.1546938301
1551,78.6688366881
1552,50.2300996686
1553,75.7007382081
1554,70.3066783187
1555,57.1502376216
1556,74.5572073908
1557,62.654334682
1558,76.9486592359
1559,68.0417494821
1560,66.1868351096
1561,68.8017874992
1562,55.3379837263
1563,71.6752195453
1564,72.4135301798
1565,71.5779747538
1566,69.1583209652
1567,76.2980541569
1568,57.9005091072
1569,76.4601159426
1570,45.5890727279
1571,70.4972794788
1572,56.121876896
1573,62.8951459828
1574,78.0411450226
1575,64.704621721
1576,73.8127224611
1577,43.4689318213
1578,56.4999606444
1579,47.2836882336
1580,70.5782701096
1581,55.8793988369
1582,70.5471377231
1583,71.0898487355
1584,64.1098101776
1585,65.3130509783
1586,53.0645138202
1587,70.6473798091
1588,55.5289683578
1589,71.5876866709
1590,56.773213717
1591,71.4275627514
1592,65.429366159
1593,78.3210223358
1594,69.5143827684
1595,74.8568600947
1596,55.9796583346
1597,38.3401499456
1598,50.3865299036
1599,65.5668202013
1600,47.9777945339
1601,73.5314397529
1602,80.2262214434
1603,52.9930575154
1604,77.8732281675
1605,68.875473098
1606,68.0457993309
1607,64.9249612789
1608,56.4587401211
1609,69.8026165348
1610,56.5098690373
1611,75.5488584915
1612,48.7488862217
1613,60.7166089351
1614,67.5475950336
1615,60.9128688397
1616,57.8361859841
1617,58.7847984238
1618,65.0868050226
1619,57.8567656715
1620,70.1959820738
1621,80.4415722838
1622,65.6942003836
1623,75.4617487841
1624,74.734104572
1625,74.9040658025
1626,44.8103031876
1627,46.6051014815
1628,47.7669014506
1629,63.6142029715
1630,63.4522899212
1631,79.6039233066
1632,64.0464783093
1633,66.8145220917
1634,39.9459813939
1635,70.939244412
1636,55.1785282097
1637,68.2693025192
1638,38.0230193185
1639,74.6189213366
1640,59.2627168032
1641,57.1053928715
1642,74.6692555494
1643,73.7914878165
1644,72.4252457572
1645,52.5267352114
1646,79.7006151558
1647,64.5113294243
1648,44.3669198291
1649,65.1120016646
1650,50.7935404636
1651,60.0413282413
1652,44.5275636427
1653,39.8019370655
1654,61.5636736426
1655,73.8106589742
1656,74.4701887829
1657,66.5908086796
1658,60.6936546552
1659,70.3422251031
1660,56.940522751
1661,69.2514255637
1662,73.6795478292
1663,78.2126677107
1664,67.5108066219
1665,75.0250056805
1666,73.1413031097
1667,31.348454957
1668,65.3402509028
1669,68.594155491
1670,72.8694636279
1671,72.9235360929
1672,81.2504139513
1673,76.0832273276
1674,71.8069655919
1675,59.4679237215
1676,76.0145969202
1677,55.1568079278
1678,69.7135225806
1679,69.1269549379
1680,41.8128848312
1681,57.8737442092
1682,70.6162032326
1683,54.0831746016
1684,75.1890190049
1685,61.4946087752
1686,68.5609395622
1687,78.1020648314
1688,57.0083113189
1689,50.362702889
1690,69.457843214
1691,72.9789918956
1692,76.1456557925
1693,36.3046792663
1694,73.9164997516
1695,72.6945975275
1696,67.3268831461
1697,49.4530173953
1698,68.6966746113
1699,41.4703224862
1700,65.5129956538
1701,60.3562888721
1702,69.6361636927
1703,66.2695024698
1704,74.3429682514
1705,41.8954044002
1706,77.8558165295
1707,79.3380774319
1708,78.4096209082
1709,66.2261871867
1710,42.9353477554
1711,54.0467807656
1712,59.2283860386
1713,69.8196525196
1714,61.6262432136
1715,50.5376013199
1716,43.8160215321
1717,72.5880086918
1718,53.6240483652
1719,73.8245993133
1720,59.7833035535
1721,57.265113264
1722,54.361467758
1723,47.1202814461
1724,72.9859114543
1725,49.0451251115
1726,78.5949526494
1727,49.726273074
1728,63.5794266049
1729,56.5651615256
1730,49.8892344484
1731,56.4862226732
1732,59.9631009621
1733,59.6976358395
1734,69.5489248899
1735,69.1073226929
1736,43.1714928127
1737,57.9110632415
1738,68.9542143416
1739,72.9149237907
1740,65.4424645452
1741,58.4485923087
1742,38.0516242981
1743,55.5428480016
1744,63.804190985
1745,60.1645783528
1746,75.5002158892
1747,80.9868713983
1748,78.4902205514
1749,81.7018893402
1750,58.5896638549
1751,64.1949517278
1752,61.0011880705
1753,54.9293490495
1754,60.5757894233
1755,66.7075468007
1756,49.2036183423
1757,52.68369263
1758,45.6801544794
1759,49.2233425178
1760,70.4927841791
1761,74.5931517346
1762,40.8985429141
1763,55.9623965273
1764,47.3745113033
1765,77.1108251137
1766,78.4096707637
1767,51.04704787
1768,71.3835410694
1769,78.1284148717
1770,66.7041399361
1771,52.4235822092
1772,44.8959546986
1773,73.3110476201
1774,77.2111558064
1775,51.0613368195
1776,55.2884343591
1777,56.4432871979
1778,71.5413258619
1779,39.9371309941
1780,78.216209185
1781,44.1462285259
1782,74.1817737995
1783,41.685443576
1784,67.0288780137
1785,71.3127091663
1786,68.7665557861
1787,75.6478430115
1788,67.4037635728
1789,70.3227353238
1790,68.346333872
1791,68.4460891119
1792,60.517019404
1793,73.5320454966
1794,80.0630437266
1795,52.0771497594
1796,68.799606852
1797,70.2322012269
1798,74.4467017297
1799,41.6925073756
1800,69.956355482
1801,46.3676682274
1802,76.9442477085
1803,60.2523519308
1804,59.4740756951
1805,44.6942418542
1806,77.3814801509
1807,69.5773634202
1808,79.5459085597
1809,50.3346992342
1810,72.2202023043
1811,72.9397981851
1812,65.3744817299
1813,56.9183041034
1814,62.3722658063
1815,70.9842768754
1816,64.2766677932
1817,61.631954042
1818,50.7146126775
1819,65.4556858327
1820,56.1390375949
1821,61.3765609666
1822,56.6123890263
1823,62.2286914788
1824,80.9654033397
1825,70.4904453542
1826,62.4137365133
1827,78.6053365575
1828,49.1634935813
1829,67.1125704322
1830,71.5525114607
1831,72.8071379709
1832,70.1719726714
1833,64.466322795
1834,73.1212657513
1835,69.3037154698
1836,68.7574606414
1837,72.3185656708
1838,68.961161774
1839,45.0043631827
1840,59.6527648019
1841,44.0843699993
1842,59.6006547531
1843,69.7566144584
1844,69.1352061659
1845,61.6429677907
1846,76.2982253273
1847,72.0796554112
1848,56.4427673793
1849,50.2604670383
1850,70.6257731372
1851,62.1268502415
1852,63.0045465148
1853,54.3414246965
1854,41.0580533094
1855,54.7990432588
1856,70.1414381726
1857,38.3235739529
1858,60.2984205567
1859,51.0219994724
1860,73.2291890513
1861,72.0365278036
1862,71.5438383499
1863,50.3904358892
1864,68.1980822724
1865,77.5571236186
1866,51.9918872342
1867,71.4600947918
1868,65.6133064043
1869,70.0614746396
1870,69.4641720611
1871,76.3426254575
1872,44.1296421466
1873,74.7971052415
1874,62.2492048811
1875,46.9563173728
1876,59.2240299187
1877,72.728630217
1878,68.5022959945
1879,61.223521733
1880,59.7697430224
1881,66.1791254176
1882,59.8202165283
1883,53.3085403442
1884,71.4399238058
1885,40.6162920659
1886,81.4145201126
1887,63.4291882279
1888,70.675137737
1889,72.4769776599
1890,70.5679691428
1891,60.2825080947
1892,71.7292683667
1893,41.2708339125
1894,40.3372463566
1895,66.9155894364
1896,72.4427352754
1897,62.9607934102
1898,73.6448245662
1899,76.3624207147
1900,71.597744328
1901,73.0494854615
1902,42.544233341
1903,74.3859026314
1904,76.8035823709
1905,74.5139067999
1906,70.2845031436
1907,69.1344226799
1908,62.8535509393
1909,51.3966938812
1910,81.7535716142
1911,68.8288681484
1912,56.2953858706
1913,53.9645601405
1914,73.2808255488
1915,69.8754771015
1916,66.4705688174
1917,67.1808978543
1918,69.6674278939
1919,55.5987358849
1920,61.7874579477
1921,62.866443634
1922,66.1995133504
1923,71.7385481277
1924,46.1009952432
1925,64.4402795168
1926,52.8712812367
1927,69.9934447638
1928,70.8361054978
1929,70.2026354346
1930,61.9369371622
1931,74.7784567351
1932,76.3216898701
1933,67.8908200406
1934,50.144720323
1935,41.6818769852
1936,75.6033758787
1937,72.8197252632
1938,72.1718586081
1939,56.6160064546
1940,74.8213093068
1941,72.7401746995
1942,33.0566218914
1943,77.1005361576
1944,57.1044654468
1945,45.0291673264
1946,71.6379290288
1947,78.4461391185
1948,70.202786134
1949,78.6473633417
1950,43.5184180382
1951,48.1317287861
1952,41.9803016965
1953,72.3467366436
1954,44.90805726
1955,62.1939664784
1956,42.0153191066
1957,40.3723715603
1958,73.484476826
1959,64.058200383
1960,66.0940093239
1961,45.1554593379
1962,57.5935809447
1963,42.7324717682
1964,51.2333511881
1965,57.4545201972
1966,68.8784476554
1967,72.5977776405
1968,65.3111153782
1969,76.753253899
1970,51.4597938084
1971,73.9064789574
1972,74.9774277942
1973,70.1180812722
1974,67.2055899365
1975,68.6191193231
1976,76.2492746787
1977,62.0904620331
1978,71.4419720338
1979,53.6547682356
1980,53.1070351553
1981,76.3594029493
1982,72.8065037491
1983,61.5895979475
1984,50.3715569147
1985,58.3581777138
1986,73.2801077059
1987,73.9403654797
1988,65.2643823907
1989,71.2922450906
1990,57.9142718929
1991,66.4964422094
1992,80.2028173314
1993,71.9266429184
1994,68.7550850292
1995,71.863795441
1996,74.8039389129
1997,70.1419891508
1998,63.1650087338
1999,72.5708507122
2000,65.7283076296
2001,50.6518982236
2002,74.0910381657
2003,69.3507691185
2004,49.3742707885
2005,78.970869612
2006,50.7781633056
2007,72.3029913572
2008,57.3307026778
2009,68.6793792271
2010,69.9994006771
2011,80.1527236334
2012,56.793481468
2013,69.229959318
2014,81.7309114815
2015,47.5392191292
2016,52.6856552351
2017,73.0824597802
2018,78.4195365528
2019,75.7059705375
2020,46.3550415039
2021,75.5053198786
2022,77.3453291336
2023,52.2039823249
2024,65.9339580725
2025,71.8961313078
2026,71.2164513616
2027,72.9325010092
2028,70.9846024466
2029,80.3035188429
2030,74.9238251035
2031,56.5440861541
2032,58.656776466
2033,76.5043151402
2034,64.722916216
2035,69.7510023211
2036,52.3154671924
2037,45.7504255087
2038,64.3599952093
2039,56.1476188509
2040,72.3051696626
2041,42.1953985762
2042,56.0954381357
2043,53.8475294963
2044,74.3988059016
2045,71.2420388401
2046,70.5502335199
2047,65.3991608195
2048,62.2757042233
2049,70.6866701334
2050,68.1189906054
2051,55.1109108878
2052,71.704120145
2053,46.6984048598
2054,65.5416079228
2055,65.391178471
2056,64.1730921906
2057,69.821560397
2058,75.4481742783
2059,72.122260292
2060,55.6729169789
2061,66.9229056481
2062,57.3768888795
2063,53.32798684
2064,67.5993124329
2065,77.6751525426
2066,72.6811608041
2067,54.8661122464
2068,70.6563034813
2069,67.5626983643
2070,65.1046175437
2071,59.9577307371
2072,69.3754329115
2073,55.8770743644
2074,76.0664734038
2075,48.019023782
2076,59.2934788619
2077,68.5127004491
2078,29.0231990814
2079,69.218596128
2080,70.171323493
2081,58.3723641197
2082,65.0958060085
2083,70.0521318794
2084,80.6078359018
2085,65.4676453619
2086,36.1230774681
2087,74.6174189501
2088,72.5863482787
2089,46.5050673532
2090,42.6865374877
2091,64.0180836668
2092,67.4943305289
2093,71.5776115644
2094,81.7427916574
2095,63.6667060097
2096,57.0554185244
2097,71.2949329792
2098,65.8560547781
2099,72.8794834401
2100,68.3888714479
2101,71.1753617088
2102,58.4137855001
2103,67.5134278099
2104,37.8660589161
2105,74.2476251432
2106,60.7811072321
2107,52.7749791665
2108,79.9671326439
2109,44.3355057216
2110,64.9156709048
2111,61.0936276275
2112,57.2820100312
2113,45.1316242407
2114,61.362174459
2115,62.0395996169
2116,73.901012685
2117,38.6161532638
2118,59.8164368053
2119,73.9921109794
2120,78.335542811
2121,54.8269557764
2122,73.8516058591
2123,73.4557089475
2124,49.5465054276
2125,69.2435178096
2126,72.7015777437
2127,75.9521840162
2128,72.2076995396
2129,74.0387251448
2130,73.9519471272
2131,55.46641431
2132,70.2820544857
2133,69.3152804233
2134,42.4088504527
2135,57.5490540608
2136,64.2812314553
2137,52.7698182965
2138,37.4381538995
2139,60.8112260422
2140,67.9887566519
2141,50.7531053524
2142,69.2820034971
2143,72.718836265
2144,70.5356721028
2145,36.3163147728
2146,54.0535165012
2147,55.2588337058
2148,68.0473629791
2149,70.0960666165
2150,67.2342693216
2151,50.1453523164
2152,37.5288108221
2153,68.7611374808
2154,30.6985282143
2155,60.3457459176
2156,73.458975537
2157,40.7400311763
2158,74.1974746402
2159,41.4661762124
2160,65.4022074407
2161,66.2909761183
2162,79.6156612434
2163,70.3395802715
2164,51.1029846645
2165,61.0039494203
2166,66.3004222908
2167,66.1457854167
2168,63.1590365042
2169,42.7124161673
2170,48.2733088578
2171,74.5618767313
2172,70.6972122948
2173,65.6831760218
2174,44.4852908673
2175,58.6171246141
2176,53.0666140566
2177,74.0344408243
2178,59.148326836
2179,71.8396854212
2180,69.9455140369
2181,55.6208804291
2182,66.6006244622
2183,62.0755770466
2184,46.9431158009
2185,72.1780573779
2186,49.3674335291
2187,79.1492094285
2188,49.4322898412
2189,63.9688383801
2190,54.5121202374
2191,49.9049983638
2192,57.0705174739
2193,59.5039757077
2194,68.3216907766
2195,69.2957518172
2196,42.7677261428
2197,57.1538232105
2198,52.3117308286
2199,73.2314623842
2200,65.8893197692
2201,59.0017860715
2202,72.9415048278
2203,37.7168406874
2204,57.5090174156
2205,63.9894083608
2206,60.0799811335
2207,74.657051313
2208,62.1373337472
2209,78.3913079441
2210,81.6656284143
2211,64.7215695145
2212,59.3733349791
2213,69.1237666819
2214,63.5478268614
2215,59.0170739051
2216,71.0246264769
2217,59.9792696509
2218,66.6686873483
2219,53.0588662554
2220,52.3774077538
2221,74.2959141495
2222,54.2858284299
2223,71.3178644464
2224,49.0951640818
2225,70.4721796772
2226,70.3872916344
2227,41.3046162294
2228,47.8513214942
2229,32.9490732061
2230,57.4903819018
2231,77.791054754
2232,78.6577823752
2233,51.6027211482
2234,71.4141724841
2235,77.8631259427
2236,66.52048432
2237,53.6892744385
2238,73.1441672297
2239,73.1997058226
2240,36.9872570982
2241,71.1850387271
2242,50.4449712923
2243,60.1016573387
2244,64.2373206261
2245,71.6699048788
2246,71.3664749448
2247,40.2902246607
2248,77.8502461651
2249,45.5505272894
2250,71.1480913068
2251,41.2775427563
2252,66.0180693523
2253,71.2957650364
2254,69.1162702353
2255,69.3665754866
2256,66.5572855732
2257,75.8181829925
2258,57.1782265843
2259,69.0547405281
2260,61.6817549904
2261,70.6595713549
2262,74.8753658332
2263,72.8732767388
2264,79.9832233391
2265,51.4592220948
2266,66.2717275336
2267,71.5468387415
2268,82.3029783645
2269,50.2084624791
2270,70.0393923014
2271,43.062051792
2272,46.8886790134
2273,60.1043558404
2274,44.4149575942
2275,77.1728677278
2276,69.3692014335
2277,79.5961783381
2278,57.6485043516
2279,57.1747731124
2280,72.5982755151
2281,55.9265345961
2282,57.335427086
2283,74.3200383706
2284,63.8447200284
2285,60.9552369826
2286,47.4324278501
2287,56.4374272564
2288,61.0334641107
2289,41.0168668162
2290,41.1570263098
2291,69.3869530706
2292,66.5616808599
2293,78.4760464961
2294,66.1149894035
2295,71.7992398102
2296,73.9207098177
2297,69.8365062298
2298,76.2077799127
2299,73.287036858
2300,69.6144643349
2301,55.87304933
2302,68.4785790774
2303,71.1843242079
2304,60.018403346
2305,73.9951616797
2306,66.7634900537
2307,79.5599736129
2308,72.6161558699
2309,56.4183939188
2310,59.3960462514
2311,44.3922590124
2312,53.431198309
2313,68.9803184283
2314,60.5834497508
2315,73.4195629158
2316,73.2693285045
2317,76.9181899269
2318,71.9365389229
2319,42.4171884367
2320,63.8603168903
2321,74.50934835
2322,70.1167544374
2323,71.4401516301
2324,69.76135337
2325,49.5086420267
2326,69.7210314156
2327,37.9969622924
2328,61.0677263996
2329,70.7650388208
2330,72.9595112565
2331,55.70387049
2332,73.8586702252
2333,67.9078415219
2334,77.4978766866
2335,52.388272767
2336,54.8794974903
2337,70.1289313288
2338,69.2074126442
2339,76.1280198805
2340,43.4175024882
2341,61.9553091597
2342,46.6929414957
2343,59.2167368974
2344,72.2896478483
2345,44.5480980448
2346,68.0927755526
2347,72.7006800434
2348,60.9126327439
2349,59.5986447098
2350,58.464798729
2351,54.1140615256
2352,72.0766847063
2353,50.3015768976
2354,73.4358381517
2355,72.1268039363
2356,66.1853017524
2357,76.6621602125
2358,39.2811618087
2359,81.1325337627
2360,63.4307625648
2361,70.6563069561
2362,70.200479413
2363,60.6853926253
2364,72.0452372485
2365,75.4178678305
2366,67.1495257085
2367,72.21106584
2368,75.5288575427
2369,73.6213457466
2370,76.1636366136
2371,72.0331585572
2372,72.7021281176
2373,73.6710550289
2374,77.2846701594
2375,74.928341705
2376,55.8938270418
2377,64.5892369487
2378,66.4675317896
2379,50.576541183
2380,69.1467754251
2381,55.6136964099
2382,70.8508292472
2383,53.5376814285
2384,72.9849041476
2385,69.7012066227
2386,70.7685212995
2387,66.9314341026
2388,66.5317158463
2389,68.6430593056
2390,69.925811541
2391,55.1084925963
2392,57.390413983
2393,65.7528337535
2394,77.4699181283
2395,52.2476993221
2396,71.1612100129
2397,52.9473405593
2398,71.0826431879
2399,74.6139714458
2400,75.8388686983
2401,67.4916031337
2402,41.1334588457
2403,68.7122066233
2404,72.9901137399
2405,72.0836418076
2406,56.2948825949
2407,61.2241034177
2408,41.1586329016
2409,73.0136621305
2410,32.6736062871
2411,76.2781647031
2412,70.946708226
2413,78.1285771285
2414,70.2174586683
2415,78.6819605308
2416,72.8412362278
2417,48.1566647067
2418,42.4373450704
2419,72.6062105387
2420,51.9299614406
2421,55.304147777
2422,50.5528517619
2423,79.2110731673
2424,59.9448479756
2425,43.4516718647
2426,41.481512844
2427,73.1440217424
2428,66.2820890068
2429,46.3825575951
2430,68.0309202742
2431,57.6431166016
2432,69.1312578409
2433,72.5116686679
2434,65.7144452841
2435,68.1106984356
2436,73.3479303794
2437,74.3922493812
2438,71.0370613325
2439,66.8247957891
2440,67.2033550905
2441,61.8311944716
2442,71.2447767352
2443,50.2501868824
2444,52.3722735868
2445,67.7780708842
2446,63.2738940173
2447,71.7396713861
2448,62.7101497461
2449,50.8472409012
2450,64.1480716668
2451,73.6225981004
2452,50.3749877628
2453,71.6766430694
2454,55.8610750331
2455,66.0710997629
2456,79.8557589691
2457,68.6715094689
2458,71.5859762513
2459,70.2062070488
2460,60.9314254156
2461,77.1881336174
2462,69.8549302356
2463,52.3142454695
2464,72.5461820093
2465,72.3164442459
2466,56.9995999856
2467,64.5360712108
2468,57.8007136808
2469,69.9469655858
2470,70.220114453
2471,58.9577363647
2472,69.2925042634
2473,81.5876294882
2474,80.1721360613
2475,59.4104980998
2476,46.4732285301
2477,69.1992835621
2478,75.8838349899
2479,70.3876804314
2480,69.8899345776
2481,45.7560709207
2482,75.7822770223
2483,77.5886518271
2484,52.4401746316
2485,66.3829810265
2486,75.6856327623
2487,71.4577552116
2488,54.2720071396
2489,72.7267079117
2490,73.3460469765
2491,72.7994621201
2492,63.3331310159
2493,72.0308609009
2494,76.7309631499
2495,69.1258907507
2496,56.9637450794
2497,58.3808464579
2498,67.3525540947
2499,64.4698440627
2500,70.0125898607
2501,80.3766564095
2502,53.2964576872
2503,73.4537730453
2504,72.3638898642
2505,63.4550542926
2506,56.5517429314
2507,53.7182344871
2508,72.5311362389
2509,42.6764545252
2510,52.3369455998
2511,55.4092691629
2512,54.207469638
2513,70.4697335876
2514,66.1336294495
2515,41.2117448184
2516,54.8148832416
2517,70.4017658045
2518,67.6882942124
2519,69.9645354016
2520,72.4275579169
2521,72.5326074279
2522,45.4735417508
2523,66.3284369743
2524,78.2520663573
2525,57.1477199215
2526,55.5844402502
2527,53.8136623118
2528,67.22096751
2529,57.2426286452
2530,77.6217125619
2531,81.1941685441
2532,54.3105806407
2533,70.7426402026
2534,67.1800044598
2535,68.4367518661
2536,63.6606605077
2537,59.0120278538
2538,69.1038714872
2539,63.44644826
2540,49.453136293
2541,60.1171690308
2542,70.6437922563
2543,64.3994641823
2544,61.520804528
2545,47.1914103669
2546,45.7876040393
2547,62.2024894186
2548,69.8143621766
2549,79.7353195342
2550,65.1555283801
2551,74.5793114086
2552,43.8410292522
2553,64.2934430566
2554,67.965636565
2555,63.6249898023
2556,65.3504002637
2557,72.2511845202
2558,65.053890266
2559,72.5637643644
2560,68.6607349509
2561,70.3129402387
2562,69.3077375204
2563,58.0845708186
2564,67.5694198608
2565,38.1398673105
2566,74.947953328
2567,60.449175202
2568,64.0808615354
2569,79.5818827412
2570,69.465320776
2571,44.2529237955
2572,65.7244240034
2573,49.9330192037
2574,57.2241759725
2575,60.2992364865
2576,62.3578621137
2577,62.0218457515
2578,46.5868561244
2579,73.9009795236
2580,78.5381929001
2581,75.2355645812
2582,66.6515289156
2583,73.8106063238
2584,69.4832927591
2585,71.8352712499
2586,34.58881178
2587,76.3364985249
2588,74.0397566238
2589,51.0446463103
2590,61.2023644022
2591,55.7542600726
2592,70.428648316
2593,69.5150981185
2594,42.4171313295
2595,64.6007183944
2596,69.6432418068
2597,52.1302182415
2598,62.1150378237
2599,62.2969076704
2600,67.1464712691
2601,51.1312047751
2602,74.1532493818
2603,69.635023136
2604,36.5433602664
2605,68.504787785
2606,72.9671937546
2607,61.4885507716
2608,68.3313273062
2609,38.3474519182
2610,44.4481627209
2611,50.7888202478
2612,71.9737113726
2613,65.2476963761
2614,40.3113051311
2615,74.25178271
2616,73.7599016699
2617,66.4050709186
2618,79.8266618936
2619,70.2966451362
2620,51.0045984098
2621,35.0469896675
2622,65.5445561173
2623,77.15745975
2624,70.2069588841
2625,51.3889670419
2626,45.2562658102
2627,70.6386579004
2628,58.0452925049
2629,52.2324825325
2630,73.4107017895
2631,75.5729605042
2632,52.3007125854
2633,68.9593126656
2634,54.9933930199
2635,74.0935909913
2636,38.7645136389
2637,46.6048175698
2638,72.0209488822
2639,49.599513932
2640,51.3775860248
2641,79.0620627828
2642,49.1433178363
2643,67.9118970361
2644,53.8780027711
2645,49.8945188239
2646,56.8904615346
2647,58.5682889731
2648,68.0276832958
2649,68.4169391594
2650,68.7051043369
2651,38.7519160356
2652,41.8540760833
2653,56.2535474796
2654,69.9426205323
2655,65.203873436
2656,72.9899537493
2657,36.9947573596
2658,56.9324085122
2659,62.7480647776
2660,60.4723148535
2661,74.9666956533
2662,61.5561392756
2663,76.9478797535
2664,81.4514573352
2665,74.6998954244
2666,59.774532507
2667,80.4174133905
2668,68.8434174037
2669,65.5400558321
2670,59.8421654276
2671,71.5197609628
2672,67.4995911853
2673,48.3945422031
2674,63.9625022435
2675,66.6403853917
2676,73.6140984261
2677,60.4334231462
2678,51.5825656853
2679,55.015962884
2680,70.6267285489
2681,55.2384568394
2682,68.770430461
2683,42.1373225675
2684,73.8440489816
2685,48.0053825756
2686,81.7529157884
2687,49.8136763998
2688,65.8231267646
2689,58.4589833175
2690,77.6659133458
2691,54.46529328
2692,78.8834421894
2693,52.0853767773
2694,77.7625045021
2695,66.9228483899
2696,52.0456710664
2697,73.4222642502
2698,35.9025088395
2699,71.1156395638
2700,50.7767371754
2701,64.9006230194
2702,58.8885498802
2703,64.7804313886
2704,71.7191077506
2705,59.2840248335
2706,40.2980432794
2707,76.0536062411
2708,57.1472271834
2709,71.0037166482
2710,43.0854486522
2711,73.9196294652
2712,66.1902988547
2713,69.2416659062
2714,66.186730111
2715,56.8586594988
2716,67.6644429877
2717,72.5590363304
2718,46.7207244269
2719,61.323476357
2720,70.2810506537
2721,67.498662061
2722,66.609910795
2723,71.2694041941
2724,58.240684547
2725,71.6669292639
2726,74.7392387768
2727,65.146361927
2728,44.0410566047
2729,50.2338677963
2730,67.4628539888
2731,45.754268684
2732,76.7857517205
2733,47.1243603017
2734,78.9608590154
2735,56.3531657304
2736,72.2763331196
2737,70.8541290736
2738,60.9129182419
2739,56.3484306335
2740,57.7766191086
2741,74.0846439777
2742,67.2029389485
2743,59.8930773216
2744,46.3581579605
2745,55.4941093898
2746,60.8159423677
2747,69.6797780707
2748,66.4293100338
2749,70.0348903543
2750,66.7051553254
2751,71.1148862178
2752,58.5079698468
2753,74.4239047966
2754,69.6220551292
2755,69.305050916
2756,72.6158647443
2757,69.8279519412
2758,58.0053593853
2759,70.8709512087
2760,59.340800257
2761,75.1129006112
2762,52.7456375726
2763,69.7629346187
2764,45.0093366793
2765,58.9719725505
2766,63.3227219157
2767,80.1364339696
2768,76.831027267
2769,65.4605743484
2770,68.0236815651
2771,59.6350711785
2772,45.0890712171
2773,77.1381189327
2774,71.470905795
2775,58.4482229629
2776,63.4640514638
2777,61.72136235
2778,72.0095281318
2779,48.0718107696
2780,69.4532479012
2781,72.1920372236
2782,60.904194558
2783,53.1578078317
2784,56.1157181617
2785,62.8169987745
2786,64.4309833262
2787,51.6100346027
2788,67.7339451101
2789,78.8041376548
2790,52.2766296462
2791,51.4262433194
2792,70.0751462124
2793,52.1417425552
2794,69.7618072812
2795,75.316039888
2796,62.1010086513
2797,58.7854685642
2798,58.7265427844
2799,82.1830635448
2800,72.7694403016
2801,61.9692004364
2802,59.8208337538
2803,52.1137427528
2804,72.0001624079
2805,68.6181685948
2806,47.7837671714
2807,65.5849852609
2808,68.0821442557
2809,77.1025550767
2810,40.7304047688
2811,40.3632602125
2812,59.7254895125
2813,69.4734824152
2814,63.0223656834
2815,71.0898097576
2816,69.9384551851
2817,72.2326435051
2818,46.8193094235
2819,66.5839526488
2820,45.6341360111
2821,57.6260933829
2822,76.2855934672
2823,73.8149479026
2824,68.7097260126
2825,59.600588317
2826,69.3957797513
2827,71.8740118046
2828,42.1691133103
2829,74.0174757703
2830,72.1052232497
2831,76.5413482213
2832,63.9589898138
2833,64.2793127003
2834,67.8717249502
2835,54.8594725958
2836,60.5826798996
2837,69.6775255109
2838,64.2869166384
2839,74.2958147408
2840,72.8011271411
2841,56.699538467
2842,70.7904947866
2843,65.622661024
2844,66.5128534902
2845,68.799145538
2846,70.1844260339
2847,57.6430100923
2848,65.4288760648
2849,77.4184586176
2850,52.010512928
2851,71.3477715974
2852,74.3285065453
2853,71.379668283
2854,58.0019942935
2855,75.9146927182
2856,66.3182856494
2857,69.7657632356
2858,67.6911968571
2859,76.145957418
2860,73.4512957582
2861,58.1868030057
2862,55.8664397816
2863,61.1086300387
2864,59.5022776387
2865,73.1962108046
2866,75.8850022118
2867,70.6043375601
2868,79.1301261222
2869,70.3651882209
2870,48.8967098198
2871,72.2623093105
2872,71.0724307523
2873,63.2919458446
2874,51.7234758434
2875,67.2863949313
2876,49.868696987
2877,78.8784548316
2878,78.9408621458
2879,40.4705180555
2880,41.1432598983
2881,73.1953027555
2882,59.8140111489
2883,65.5815677454
2884,56.1361263388
2885,69.3612973053
2886,67.8259414069
2887,72.7742987151
2888,71.3193920626
2889,66.8457332271
2890,67.8061387468
2891,62.268693263
2892,62.1870408011
2893,70.7305797917
2894,51.6228215435
2895,72.0725850776
2896,63.0787760668
2897,49.4438342482
2898,64.2927994681
2899,72.9445333953
2900,69.6329987781
2901,49.9984776336
2902,71.0098306637
2903,56.4780682101
2904,67.5242266513
2905,79.6963696621
2906,68.8049721293
2907,71.4766314667
2908,77.3636420977
2909,70.2131415641
2910,62.1502324473
2911,63.782766361
2912,77.4872805907
2913,70.4511525371
2914,44.6893747915
2915,53.8908010804
2916,72.9797641263
2917,73.7059536924
2918,71.624292808
2919,57.2114515021
2920,58.4785945628
2921,76.5094743483
2922,70.7340647631
2923,59.4729338542
2924,69.8210431845
2925,82.0201490799
2926,61.5380816696
2927,80.242120875
2928,64.1868081423
2929,60.0062282298
2930,46.8898100522
2931,55.6961954702
2932,67.6524537341
2933,70.5205781389
2934,50.1221446047
2935,74.7083749299
2936,52.1662402389
2937,65.4051949529
2938,75.7610804492
2939,70.3911138856
2940,72.5487767588
2941,72.1034154609
2942,70.9303532213
2943,54.4933969479
2944,71.9118908419
2945,76.890478002
2946,69.4213366367
2947,55.5158141486
2948,66.6513382562
2949,67.2305887808
2950,65.6393252835
2951,72.1456679542
2952,54.7981168539
2953,73.7645275003
2954,74.3920994371
2955,57.3344740159
2956,53.8170832643
2957,72.4971577862
2958,79.4656698397
2959,72.5760262367
2960,54.7793695431
2961,53.3731085145
2962,69.3159461446
2963,56.3484960122
2964,70.2463221031
2965,69.9667201278
2966,66.3708162213
2967,71.3430789154
2968,71.0768468876
2969,54.3163866855
2970,60.9636394387
2971,70.9903415642
2972,76.2152234823
2973,70.2546768188
2974,68.5651481553
2975,72.6446789279
2976,72.9883520296
2977,72.27309667
2978,44.5762321925
2979,76.0942203786
2980,55.2383447024
2981,66.9999768852
2982,58.0789814562
2983,77.3632216501
2984,81.2812811219
2985,45.7079795611
2986,69.8771458994
2987,66.7325027013
2988,76.3427201073
2989,63.8806800465
2990,68.4454307934
2991,74.3516980917
2992,48.8747592586
2993,61.6599048199
2994,69.2977978546
2995,65.4173222532
2996,77.2097057682
2997,46.2012481312
2998,46.1519991809
2999,66.5250024323
3000,63.2066364099
3001,80.5024385358
3002,70.0165597141
3003,79.9661729265
3004,74.4825778621
3005,41.0307208146
3006,50.8602208808
3007,64.5606418647
3008,68.7712281482
3009,68.9151022127
3010,73.6860294153
3011,63.6801946659
3012,65.9953083001
3013,72.8218379257
3014,64.1483364672
3015,68.182671953
3016,72.0574133845
3017,69.3301615951
3018,57.4771335337
3019,72.7963384496
3020,70.6138056387
3021,38.3487943517
3022,62.5053531156
3023,43.8204315488
3024,70.9038812618
3025,79.3401560264
3026,73.544009898
3027,44.6844064694
3028,65.437255104
3029,62.5062014891
3030,62.7552190724
3031,55.7102362378
3032,62.8771374013
3033,74.4158466452
3034,74.2450796448
3035,75.271329672
3036,66.0375147149
3037,74.1152173788
3038,69.7810900849
3039,50.225850398
3040,41.9910769699
3041,76.191422944
3042,74.2524420861
3043,70.014689606
3044,61.5264227083
3045,52.7414580997
3046,71.3189444211
3047,69.6242100177
3048,42.9195840288
3049,69.7314088274
3050,49.7449712092
3051,70.644530268
3052,62.1823566928
3053,66.3387768434
3054,37.5171577151
3055,74.311602753
3056,73.7925735323
3057,69.6978407756
3058,36.4513021412
3059,72.1132640272
3060,38.7152865193
3061,64.6515873069
3062,51.7061547761
3063,74.9273334919
3064,78.818973428
3065,67.5952303292
3066,64.6437322409
3067,52.7173383732
3068,67.2705899985
3069,75.226207922
3070,59.2675947435
3071,42.0112845166
3072,65.444577812
3073,79.9569632653
3074,78.1773707324
3075,51.034349045
3076,50.0155137695
3077,67.3417161998
3078,57.6298696688
3079,77.5936981805
3080,66.6006078437
3081,61.9624991464
3082,74.5723215991
3083,78.070103787
3084,72.1343364904
3085,50.6199460171
3086,45.5535181253
3087,70.7848523584
3088,56.7412840211
3089,74.2964767607
3090,58.425685316
3091,69.5255910288
3092,69.5438255839
3093,56.4057463467
3094,65.8033966971
3095,35.181182257
3096,73.4566154858
3097,71.6063265659
3098,50.8200423363
3099,47.2960639803
3100,50.5812228741
3101,78.8676695115
3102,54.8468417177
3103,48.9203927068
3104,67.9025975596
3105,73.5435402747
3106,49.9321570444
3107,77.4875044115
3108,57.940960006
3109,68.8815405062
3110,39.594301998
3111,40.9337331564
3112,55.1162355253
3113,71.2256914649
3114,65.2504671305
3115,75.3426914026
3116,73.4196070303
3117,36.4124034088
3118,54.6194449321
3119,63.0607239374
3120,60.3036857832
3121,61.3158890753
3122,65.6822501456
3123,70.4455989422
3124,56.730502969
3125,79.992070944
3126,68.3960989017
3127,65.1109072241
3128,61.6165957309
3129,77.3228017977
3130,66.8231169446
3131,70.980373647
3132,49.0353828279
3133,66.6201612265
3134,73.5622027558
3135,32.4293020645
3136,50.8986101811
3137,80.4119404708
3138,72.3408855778
3139,55.5364570618
3140,71.3636785828
3141,70.163881283
3142,42.8820904647
3143,52.258476144
3144,73.6228698126
3145,79.3425408543
3146,57.6024117045
3147,49.7287745712
3148,65.5649829525
3149,59.7105842439
3150,77.9630662522
3151,60.2959525231
3152,79.0368482382
3153,61.9620723536
3154,49.5129369604
3155,77.4966927708
3156,66.9865108528
3157,65.3148343681
3158,51.8070149941
3159,73.3054104796
3160,45.0903162059
3161,50.2817534645
3162,64.9650457401
3163,60.9638988382
3164,63.058889559
3165,58.6701387462
3166,76.1404806458
3167,57.5117537621
3168,42.5326983763
3169,65.413745238
3170,68.8756910267
3171,75.0285206408
3172,67.248500333
3173,74.2935033364
3174,74.6080659923
3175,69.2150282152
3176,75.0046990272
3177,35.2035451455
3178,64.5680584671
3179,72.6188278954
3180,71.4523555642
3181,69.8674237091
3182,44.6360200939
3183,70.1298376404
3184,50.3125652653
3185,67.7584859263
3186,45.4704898796
3187,60.6880600807
3188,76.5218625966
3189,79.2961950774
3190,69.4921793418
3191,42.2385503561
3192,57.5175111223
3193,71.076895761
3194,71.1689067878
3195,79.07655969
3196,56.2174775907
3197,57.0944830262
3198,51.850173006
3199,67.476689858
3200,59.1379978822
3201,45.8222609794
3202,66.7154699647
3203,55.843398859
3204,60.4691675772
3205,66.9169174799
3206,41.9242027963
3207,71.2066562766
3208,59.8504455113
3209,59.0135741659
3210,73.3836677476
3211,69.3689205056
3212,75.0016395644
3213,69.3342683244
3214,72.9467106432
3215,69.7421828921
3216,57.3438030281
3217,42.3519820034
3218,70.0847676343
3219,55.1382620028
3220,63.8810301299
3221,63.0691952092
3222,80.2603422864
3223,68.6014323471
3224,76.7028030547
3225,65.8260987537
3226,67.9112531454
3227,58.7817707251
3228,73.7739805467
3229,37.9623805886
3230,43.5479882118
3231,69.9905063894
3232,64.3542844942
3233,61.5996484662
3234,69.7182228919
3235,53.0767124667
3236,51.7712941311
3237,70.2795129153
3238,40.6537895203
3239,61.465252678
3240,40.6881918954
3241,66.3073076305
3242,58.4974695338
3243,64.2130000804
3244,52.1352342285
3245,78.6855369794
3246,52.8884079055
3247,68.5530078246
3248,58.9488701395
3249,60.4648309084
3250,50.9156798939
3251,70.8381426972
3252,51.2547759632
3253,69.6247656038
3254,77.3113944176
3255,61.9634249092
3256,71.8540033775
3257,59.2597650585
3258,52.9906251737
3259,35.7166463644
3260,72.4005404935
3261,61.4379570461
3262,57.6643632568
3263,61.341171038
3264,53.4576057207
3265,72.0201575402
3266,68.497601273
3267,44.2188860072
3268,66.6544161882
3269,68.4037810977
3270,43.4660406962
3271,77.3403509914
3272,38.470371964
3273,60.2881108275
3274,69.1478359109
3275,65.1876712459
3276,70.6668708726
3277,74.2533940986
3278,69.8964527999
3279,72.4751907198
3280,62.2255220319
3281,66.6119834975
3282,58.0412208255
3283,75.031485076
3284,73.9700710183
3285,75.5803713657
3286,60.035398691
3287,69.3932329688
3288,70.7414380819
3289,72.1707296088
3290,72.5900251181
3291,77.6067381755
3292,76.4464423302
3293,67.9020477899
3294,63.2468149166
3295,76.9753473112
3296,71.9047101465
3297,54.4375040413
3298,53.4317212624
3299,70.5122065025
3300,50.9980256864
3301,74.6210518261
3302,56.7019566451
3303,66.4120884508
3304,70.2444955052
3305,74.833428109
3306,39.3055452026
3307,68.0320881003
3308,67.7884536592
3309,57.867125294
3310,79.187601826
3311,65.2375282061
3312,70.3519411748
3313,75.042480922
3314,53.9830586651
3315,66.6335824645
3316,80.0095884871
3317,76.1606652288
3318,73.6816490098
3319,72.3773304401
3320,55.2903111146
3321,60.8733287471
3322,79.1522212265
3323,73.7896849377
3324,70.7056030425
3325,78.7772344457
3326,70.4313960311
3327,78.5755465668
3328,48.9497094107
3329,72.5886372481
3330,55.0586221525
3331,63.5318581232
3332,42.6590387325
3333,71.8547842196
3334,67.7370097094
3335,46.9490600813
3336,62.1708676933
3337,79.4647599777
3338,41.2132673358
3339,73.3290779189
3340,40.9179943953
3341,72.5862137445
3342,74.566038906
3343,36.4463181448
3344,43.8123880519
3345,61.3241900831
3346,74.2750538741
3347,66.5618091243
3348,62.5715588862
3349,56.9103045322
3350,69.6735510496
3351,79.2613904594
3352,75.7981204798
3353,70.5797315541
3354,66.6333067866
3355,62.2159866862
3356,70.8136339849
3357,50.5230888518
3358,50.9344292065
3359,50.4183926724
3360,71.0629931157
3361,63.7529264393
3362,71.0114947026
3363,49.8642512029
3364,63.5255688205
3365,73.2054105702
3366,50.2316635056
3367,71.2434144728
3368,67.111339909
3369,79.4716936621
3370,74.0491749225
3371,68.245116281
3372,76.6156621499
3373,77.3982761496
3374,69.9905647807
3375,77.6696979787
3376,68.5212193102
3377,77.848711146
3378,71.4229925175
3379,34.6425436416
3380,61.3942239591
3381,71.1580794684
3382,56.6345905644
3383,46.8304666954
3384,71.5187274442
3385,74.3316203958
3386,57.9977606972
3387,72.2242124199
3388,70.2864986457
3389,81.8952466757
3390,79.9817305461
3391,64.4467390835
3392,39.2695386528
3393,78.0585058231
3394,57.639369738
3395,41.393352433
3396,49.3818390724
3397,70.7366046717
3398,52.5122116013
3399,62.3870402799
3400,65.7607208856
3401,70.340987857
3402,72.2795910977
3403,71.2278477131
3404,71.5811797038
3405,77.2089793895
3406,69.6334681747
3407,56.0205847863
3408,65.9448700707
3409,68.1230656086
3410,65.09787365
3411,47.5537426637
3412,71.333786464
3413,65.2991525631
3414,53.5163083218
3415,73.2395588337
3416,71.808679033
3417,74.2336227115
3418,57.1850199558
3419,54.742202721
3420,72.9585121835
3421,53.9929920612
3422,47.5704044304
3423,54.2057308537
3424,51.8331071835
3425,76.3864911523
3426,79.7637625968
3427,56.4254076741
3428,70.3524449415
3429,72.1064431219
3430,37.8006544963
3431,71.0822855128
3432,71.0937889024
3433,54.3387692518
3434,65.0638314427
3435,73.2983578219
3436,51.048389246
3437,70.4873887619
3438,68.8350128325
3439,73.0402386354
3440,72.0814863904
3441,53.5103022132
3442,72.0324765951
3443,57.5872129308
3444,66.6231405428
3445,49.7069177911
3446,77.1296561213
3447,46.4407005688
3448,69.9404572591
3449,69.6221617897
3450,76.1882134617
3451,63.9852973258
3452,73.3158356317
3453,68.7773630879
3454,64.8730482725
3455,74.495240542
3456,50.0085999517
3457,62.290447424
3458,72.2907038774
3459,61.9305594794
3460,48.4944938433
3461,66.8265299278
3462,68.9251888766
3463,45.3064778394
3464,79.3721942713
3465,74.3142466026
3466,59.0430774122
3467,41.8821973895
3468,50.7742003639
3469,65.0191367121
3470,71.7778269702
3471,73.7932182539
3472,63.6433840837
3473,70.1029532404
3474,69.4213662478
3475,73.0861615474
3476,47.114561402
3477,37.7996850722
3478,72.3958528726
3479,69.6791634135
3480,57.2312442666
3481,38.1998281196
3482,67.8253928458
3483,62.0737317151
3484,43.0067473308
3485,79.0946304775
3486,73.8884213891
3487,66.454793118
3488,49.2617046621
3489,62.2191934491
3490,60.1423739065
3491,69.6973505303
3492,69.3424739271
3493,60.2599225564
3494,63.0808420087
3495,74.6955756008
3496,64.3510432102
3497,68.7676312286
3498,52.0695274655
3499,50.3536594882
3500,40.9278229817
3501,71.778669074
3502,70.9302448235
3503,52.9567356298
3504,69.3827683855
3505,40.7612719394
3506,69.630811408
3507,64.8789932327
3508,63.9190482338
3509,46.9338377773
3510,67.7304065062
3511,45.6130871159
3512,36.2434754324
3513,66.6851226504
3514,37.9988618228
3515,47.1770197425
3516,67.4800560828
3517,56.5527801891
3518,41.413768164
3519,67.8271936096
3520,67.9931667819
3521,68.3407421301
3522,67.1999307009
3523,75.3972073546
3524,59.0947470712
3525,43.0481610062
3526,65.648236643
3527,55.9817833476
3528,68.3489651822
3529,77.5877637202
3530,49.7941442055
3531,50.9587569662
3532,50.3055493572
3533,66.8803429179
3534,63.0937401422
3535,63.7365544008
3536,66.8532215156
3537,65.9367368339
3538,62.1522635658
3539,49.2276676291
3540,78.1939837767
3541,52.3018852461
3542,71.9660215472
3543,53.5552697134
3544,45.9910760256
3545,55.0157021626
3546,70.6455932466
3547,56.1040255103
3548,74.1439993075
3549,70.4299727336
3550,55.9593244118
3551,70.0670613204
3552,73.5055023042
3553,71.5076202544
3554,38.0374049952
3555,48.0458662581
3556,52.5135026309
3557,78.9223732523
3558,48.8301165741
3559,59.4224623878
3560,67.9218502989
3561,73.7826160393
3562,49.9456075158
3563,77.5818355296
3564,80.9455062564
3565,68.7270966332
3566,81.022865522
3567,51.0198121024
3568,71.5422222024
3569,41.8430183713
3570,70.941079168
3571,76.3921842669
3572,65.1619243055
3573,75.2836084649
3574,80.8125454742
3575,54.1135370613
3576,63.3212601312
3577,60.8775302018
3578,60.8463481865
3579,49.6154680535
3580,79.5131793636
3581,67.3280340516
3582,38.11030352
3583,56.9493512069
3584,81.528684635
3585,68.5463237196
3586,61.1998249092
3587,61.5228271107
3588,66.2417969656
3589,54.9692053464
3590,60.9657219613
3591,69.1753133642
3592,66.6297770585
3593,73.4199082781
3594,48.9699071374
3595,53.4949113072
3596,80.3391193352
3597,55.9743623639
3598,60.6676817412
3599,71.0203213078
3600,70.1090262385
3601,73.4905871401
3602,69.7615305079
3603,79.6918163488
3604,58.2304476747
3605,50.72983162
3606,50.8044094803
3607,73.864937584
3608,77.8521870528
3609,76.9108633665
3610,79.1938762098
3611,49.6608727332
3612,77.331910766
3613,64.2881701252
3614,51.2274006759
3615,69.3167630186
3616,50.333180116
3617,64.4224340986
3618,60.9008854026
3619,64.030596176
3620,60.4525024112
3621,75.9693143486
3622,56.3799345186
3623,61.7324167761
3624,70.971427993
3625,65.6210478981
3626,60.3615557227
3627,44.091501066
3628,66.2404895443
3629,62.872100188
3630,71.5783120335
3631,57.3003663545
3632,64.7341648517
3633,72.6037871106
3634,73.5811899015
3635,71.6202437901
3636,54.4521276266
3637,45.3086316326
3638,70.6102964949
3639,49.2940533704
3640,69.2631249003
3641,67.5406737375
3642,43.7026244815
3643,76.6080261079
3644,78.1243135811
3645,57.3676460191
3646,70.4305021834
3647,45.619645638
3648,79.2690944105
3649,70.8690394789
3650,54.5758296098
3651,77.667763134
3652,65.3610144134
3653,62.6246147911
3654,45.0019022875
3655,66.986288996
3656,48.8532112424
3657,60.1119242375
3658,73.8844442084
3659,63.6115045453
3660,75.8704855135
3661,71.2132522281
3662,60.4066530738
3663,59.4396244465
3664,73.853768377
3665,70.5532653355
3666,69.5662498852
3667,74.106964489
3668,69.8980271745
3669,56.8149133437
3670,65.7387716463
3671,68.3166821924
3672,66.1640828954
3673,42.1063955704
3674,70.3456400503
3675,63.2098572986
3676,74.4926463212
3677,66.1465443526
3678,70.1193177629
3679,58.3563094186
3680,73.677823586
3681,72.1671576925
3682,37.3625138538
3683,77.432384982
3684,80.8710054454
3685,52.3228882138
3686,66.1595435567
3687,64.0673381692
3688,45.5640826839
3689,70.2575129896
3690,71.9119667582
3691,72.3630981445
3692,50.625401563
3693,70.3208670286
3694,69.965227637
3695,61.1592666702
3696,66.0173157796
3697,72.5468189504
3698,67.2673951706
3699,57.7133330166
3700,51.821118723
3701,52.551652474
3702,78.4232960314
3703,53.4502880739
3704,50.6161096781
3705,70.7249753593
3706,43.0921185937
3707,77.0608282561
3708,61.8999750496
3709,59.8647922856
3710,54.6186418061
3711,66.8717178496
3712,60.7075571117
3713,72.8559172224
3714,62.6900422502
3715,55.0776028775
3716,71.8816447494
3717,68.8649274618
3718,43.3974676604
3719,70.5491624587
3720,64.7501583666
3721,73.1331486466
3722,77.6100429875
3723,58.8222027769
3724,38.8677848589
3725,48.4287053099
3726,69.1371227302
3727,64.7806521123
3728,70.8096174486
3729,74.2981112641
3730,70.0251580418
3731,61.9205732062
3732,73.0239279719
3733,65.2448494411
3734,66.2386650614
3735,57.2899607668
3736,75.4268801094
3737,49.4472951606
3738,47.1297778894
3739,58.7244899485
3740,67.9641184287
3741,70.8932134043
3742,72.1561558034
3743,71.7200687522
3744,73.2805899441
3745,70.3314224092
3746,75.5942240045
3747,68.5326479921
3748,73.4468243287
3749,65.6965983174
3750,63.9005196449
3751,53.8942857497
3752,70.0916381685
3753,70.6695586856
3754,73.9210105367
3755,66.9232312193
3756,70.4373691672
3757,68.9991324396
3758,73.8333902642
3759,56.1940394487
3760,65.74860756
3761,69.9132526511
3762,71.7024626779
3763,68.2705317582
3764,67.3719480533
3765,58.5797845066
3766,54.3243135887
3767,65.6083978332
3768,81.3004185894
3769,70.4245230797
3770,55.2104334312
3771,50.2469664092
3772,48.188025484
3773,76.0132967505
3774,73.6842334861
3775,72.2877818948
3776,54.7675654723
3777,60.6028768332
3778,78.5895079056
3779,73.3794912961
3780,80.7005339519
3781,47.678585619
3782,70.6705381186
3783,70.5834120949
3784,49.2683406112
3785,70.0690510816
3786,73.831798138
3787,63.2881460662
3788,42.5316226317
3789,70.1825560013
3790,68.1242894088
3791,50.8929591037
3792,43.4280421946
3793,79.1405644181
3794,39.6161276185
3795,41.591535776
3796,72.9850073333
3797,53.8633427762
3798,36.3762889144
3799,59.5096270873
3800,74.6410623683
3801,66.8568937849
3802,69.687768313
3803,69.7669615037
3804,53.393749086
3805,69.7135842956
3806,75.7337841374
3807,70.6549088884
3808,67.6915790445
3809,55.8618255842
3810,49.1274515284
3811,70.8520481374
3812,51.4473660913
3813,50.2621578179
3814,61.287854714
3815,50.5603524387
3816,71.3460071677
3817,58.2973715905
3818,70.9673554826
3819,48.5161573958
3820,78.4082008588
3821,65.4646701624
3822,50.3206099331
3823,70.6478593279
3824,68.4985080379
3825,73.9988289257
3826,70.1915225038
3827,71.944565046
3828,76.9892296366
3829,69.5251006325
3830,79.0327308579
3831,72.531356736
3832,78.2996393336
3833,78.2328569016
3834,71.5035084639
3835,66.0356134094
3836,75.4730944492
3837,61.5063394603
3838,71.1892657894
3839,57.0890330324
3840,62.8736631186
3841,47.4849525301
3842,43.751849335
3843,58.5409781956
3844,72.2795931372
3845,62.2050890026
3846,70.3335735963
3847,45.4189466722
3848,68.4905610793
3849,52.5582317692
3850,79.9097735717
3851,42.0063248436
3852,68.8502457874
3853,77.9720143233
3854,75.1766371774
3855,74.2234293872
3856,68.6694457555
3857,48.9380442176
3858,52.9799051946
3859,61.6798049247
3860,65.0414390942
3861,74.6221342181
3862,72.2815708123
3863,71.5423592294
3864,77.3410633956
3865,69.8384669842
3866,67.6726682304
3867,63.8143572666
3868,73.3838216952
3869,59.3976532964
3870,73.8654493577
3871,74.025480818
3872,54.9453657925
3873,53.5056006932
3874,79.4280989996
3875,56.2558148828
3876,69.9724756373
3877,79.2582496416
3878,68.8329559175
3879,54.6014777835
3880,70.1906677095
3881,54.4976437635
3882,73.7984563242
3883,50.63309407
3884,57.9700219183
3885,70.3943779067
3886,69.0393460718
3887,73.3535012727
3888,71.310061011
3889,52.1473703668
3890,56.0733334381
3891,69.2033369612
3892,69.649884139
3893,78.3607139965
3894,44.2083859208
3895,69.2678731031
3896,60.8471108994
3897,64.1337574874
3898,73.2108456451
3899,65.6015776833
3900,74.7351793346
3901,49.6316005593
3902,61.1564579577
3903,72.0477221649
3904,46.8094841985
3905,34.0842401863
3906,48.1394728103
3907,75.6329446169
3908,64.4486475652
3909,69.7940867962
3910,79.4235207586
3911,65.6922719219
3912,73.8320724941
3913,57.2711208835
3914,65.3310631478
3915,70.1285079352
3916,70.494932949
3917,73.8916264147
3918,73.2937941598
3919,38.6727639
3920,72.7204737899
3921,69.4086701044
3922,38.1930699112
3923,67.5004351776
3924,75.0107804855
3925,42.0359423043
3926,47.1725886505
3927,78.921964211
3928,72.8906795388
3929,71.4902836261
3930,66.1637994747
3931,38.2564031771
3932,60.4124739996
3933,62.3918982402
3934,69.8420288539
3935,71.6229913542
3936,74.4053492782
3937,69.2671405301
3938,74.5265138834
3939,74.8297892655
3940,77.8989167166
3941,64.1419828056
3942,74.4797408604
3943,72.434854413
3944,69.0140429204
3945,48.1976649596
3946,71.0620095281
3947,75.1875739522
3948,39.6432274922
3949,76.4217798214
3950,70.5171018544
3951,53.6672774589
3952,41.1498495801
3953,69.1710356155
3954,71.3504082708
3955,70.4150818929
3956,71.3887770247
3957,21.6410418218
3958,68.4561718478
3959,61.3344735249
3960,46.3275097384
3961,52.7610129555
3962,49.0912549991
3963,55.9344157606
3964,55.5882832367
3965,36.2329782165
3966,37.7946263304
3967,58.8033690877
3968,52.857118701
3969,75.2758333565
3970,43.916009733
3971,72.9407159031
3972,75.510437616
3973,54.1733155203
3974,68.5281504263
3975,51.772818386
3976,69.3996054017
3977,66.8241518984
3978,74.6463212872
3979,45.4147963193
3980,42.8102787887
3981,78.6406396545
3982,70.5576872117
3983,49.5661611274
3984,51.2699196693
3985,61.1446788146
3986,49.6219885042
3987,71.6556705437
3988,63.5637826825
3989,61.0612149758
3990,67.1558005456
3991,67.5834792487
3992,78.2435805821
3993,71.8426838488
3994,60.3387832642
3995,52.3789366543
3996,55.5262530865
3997,74.4387585479
3998,70.4325170989
3999,61.8521590658
4000,61.7186372587
4001,70.2704099901
4002,74.0355592482
4003,71.394198276
4004,38.5687290985
4005,48.0950335134
4006,51.8072976594
4007,48.779391487
4008,58.9081755534
4009,48.2246639516
4010,59.6035891996
4011,67.7001572411
4012,73.3613786603
4013,50.0448134016
4014,58.1696943529
4015,58.9105816454
4016,70.8839437655
4017,77.3784231054
4018,63.0690711371
4019,41.6845577731
4020,71.898212244
4021,76.0832992403
4022,67.2674843816
4023,74.9138491036
4024,55.2896049802
4025,63.6168834195
4026,68.799078913
4027,49.8546746887
4028,49.536857114
4029,80.0231270365
4030,67.1984644219
4031,58.6572887307
4032,46.8504024543
4033,57.4646114689
4034,81.2435154679
4035,70.0293712049
4036,52.7800922205
4037,62.0302483587
4038,73.5284097502
4039,66.5010207526
4040,47.6822949778
4041,62.433976315
4042,73.7578729308
4043,71.0653187969
4044,53.7092834699
4045,80.7999980662
4046,51.7879534051
4047,66.4911221797
4048,70.0559517889
4049,73.5536087338
4050,47.3466813493
4051,78.9241826275
4052,72.8352809188
4053,50.1214166018
4054,50.1641681029
4055,52.4499808208
4056,78.0514211371
4057,60.1882199202
4058,79.3633548246
4059,50.0290693529
4060,65.8164880583
4061,63.7443598001
4062,56.6313956421
4063,53.4082679371
4064,49.7520022628
4065,64.7475152724
4066,48.7810885741
4067,69.078300325
4068,68.5328514175
4069,59.9229089718
4070,75.7392420249
4071,56.7585946262
4072,53.5395270621
4073,51.1600315358
4074,44.3279957535
4075,78.5466804127
4076,65.622808853
4077,79.3995122626
4078,63.5795623099
4079,72.1677595837
4080,70.6113430061
4081,76.3612151949
4082,70.8207424655
4083,74.9926110447
4084,81.1585072432
4085,46.0057933921
4086,70.0702448175
4087,49.8611769723
4088,66.9803252267
4089,44.3082145464
4090,75.2416668127
4091,76.4269798959
4092,63.4004134376
4093,78.5687127444
4094,53.2436053965
4095,71.9918593605
4096,70.53833665
4097,78.7628417818
4098,70.9552397775
4099,69.2762615846
4100,54.2745734866
4101,74.7975886128
4102,66.3701033639
4103,62.685933859
4104,44.528194994
4105,59.6613091573
4106,59.9151562606
4107,50.3036015954
4108,65.8850865128
4109,48.5817343457
4110,68.6214482525
4111,72.4318086983
4112,75.9731857753
4113,53.5867063692
4114,51.4209686128
4115,71.2311390792
4116,58.3835468859
4117,60.0153929455
4118,79.6330206087
4119,70.6110223449
4120,72.9185306058
4121,69.2954964968
4122,70.5001994218
4123,74.0842476269
4124,69.9369763667
4125,56.3534828413
4126,69.8205669894
4127,54.0952181297
4128,70.7638351894
4129,72.4484119982
4130,62.4389358369
4131,74.5868609589
4132,59.4026362353
4133,69.8202025159
4134,65.935174621
4135,68.1155617591
4136,58.1019296552
4137,73.9375524238
4138,73.8392611211
4139,36.5939246829
4140,77.7977513984
4141,81.576408915
4142,70.2379427617
4143,44.3596503003
4144,69.0253228669
4145,70.6255260505
4146,54.3444837438
4147,72.2182076331
4148,72.493688149
4149,70.2495956421
4150,39.8989865898
4151,61.7647964553
4152,61.005574368
4153,60.4305515478
4154,68.7334155092
4155,67.2569901117
4156,53.4277026488
4157,52.8959094133
4158,78.185657539
4159,70.2664949021
4160,49.9663240792
4161,71.5100451932
4162,77.0633242012
4163,67.8768071845
4164,62.6666989846
4165,61.5578431989
4166,45.2806982664
4167,55.9839941346
4168,66.252694687
4169,34.61820474
4170,76.5508980326
4171,55.4140740196
4172,71.2605024281
4173,68.6061140004
4174,42.3243137397
4175,58.5851510681
4176,73.3789516487
4177,75.0657996754
4178,59.4794759467
4179,49.3402424425
4180,69.3684940905
4181,77.8917929017
4182,60.5359782228
4183,70.7498587429
4184,70.4468563571
4185,62.1389035518
4186,54.6201656455
4187,65.4794098505
4188,65.8263221212
4189,73.8018467214
4190,57.5175412244
4191,68.8456914921
4192,49.4199213462
4193,46.3679108195
4194,58.9384183978
4195,66.8564654058
4196,71.9903778983
4197,69.6837394639
4198,71.5343395271
4199,73.2870908681
4200,76.3168727006
4201,73.2218630951
4202,65.0927443174
4203,58.4456438121
4204,53.0808915997
4205,70.0514298241
4206,71.6080764166
4207,69.9302793446
4208,49.1664096341
4209,68.8243909024
4210,72.8150400596
4211,66.2325170536
4212,68.4310366187
4213,73.9802275554
4214,56.4541310603
4215,65.9476688498
4216,65.9172891296
4217,41.6385951278
4218,41.4126730815
4219,67.1277877505
4220,59.8738562707
4221,66.8603460482
4222,39.5025167937
4223,50.5552197447
4224,76.896932923
4225,45.1527411584
4226,81.3532621176
4227,51.9786103126
4228,53.4136820878
4229,50.9866713344
4230,49.9938334852
4231,49.3781851967
4232,73.9582750679
4233,63.6677960689
4234,54.3522501275
4235,62.2654347184
4236,79.1774735404
4237,74.1281013866
4238,80.7475484716
4239,40.3733124686
4240,47.1742301034
4241,70.2594778231
4242,49.6799246911
4243,70.8091690517
4244,75.9270997
4245,63.6813980707
4246,57.427765799
4247,70.2639610366
4248,68.3029064518
4249,52.0863653882
4250,44.4671541346
4251,40.0559869143
4252,40.9882141718
4253,72.0859727765
4254,54.3818485524
4255,74.0718536377
4256,36.8696753625
4257,68.79120568
4258,59.8409543557
4259,74.4389760235
4260,67.2129098118
4261,68.764980505
4262,70.3647631655
4263,73.0496608621
4264,39.0629301543
4265,70.0510018226
4266,75.3954997299
4267,67.5323040651
4268,71.196389982
4269,52.0779689751
4270,49.4114719051
4271,45.3473431049
4272,59.1657329597
4273,70.4780156353
4274,48.8925315932
4275,62.7952888791
4276,78.2970724578
4277,70.7376178704
4278,58.2949307508
4279,68.4896441922
4280,73.8517781626
4281,69.8990301755
4282,72.4908433669
4283,80.6681906823
4284,77.1885992371
4285,71.9724927846
4286,78.0371719965
4287,49.9980537868
4288,78.6339922612
4289,66.8453641079
4290,70.10878731
4291,74.9901074702
4292,60.4716007875
4293,70.8229438102
4294,56.038876864
4295,35.4791004823
4296,61.1489594714
4297,43.7309829787
4298,71.9935638881
4299,62.6313198958
4300,70.5569232903
4301,82.2315932925
4302,54.1587743098
4303,55.5419232586
4304,78.2940490269
