RowID,Expected
1,62.3470001221
2,60.8161468506
3,66.7760772705
4,68.2304382324
5,73.7270202637
6,73.3945770264
7,71.5432891846
8,71.0432739258
9,61.3245239258
10,70.5061798096
11,57.0816421509
12,58.2057647705
13,49.2224655151
14,41.293838501
15,70.4061889648
16,71.5594940186
17,59.9489517212
18,71.7070922852
19,49.4549942017
20,47.1713638306
21,77.2986755371
22,73.125579834
23,46.0258560181
24,75.6036376953
25,70.393081665
26,57.9161682129
27,78.1200408936
28,59.6947937012
29,70.778503418
30,56.0842056274
31,69.5059051514
32,82.4069366455
33,56.585899353
34,70.9548950195
35,68.0986175537
36,80.8193359375
37,73.8506317139
38,47.7105560303
39,68.2804718018
40,51.7412872314
41,73.2663726807
42,74.0226745605
43,73.1253814697
44,64.0851821899
45,71.4721374512
46,61.0680465698
47,65.9120941162
48,56.3330993652
49,54.7528991699
50,63.6852111816
51,76.2153167725
52,75.2222137451
53,79.4474487305
54,66.5599365234
55,43.5588226318
56,66.4526519775
57,70.2213745117
58,58.8984069824
59,64.9021911621
60,62.1396865845
61,59.0784683228
62,56.2018356323
63,78.2474517822
64,53.4165115356
65,51.6798248291
66,47.1251678467
67,48.8212966919
68,50.8687438965
69,54.5775146484
70,50.0087738037
71,44.6953277588
72,50.2363510132
73,78.708114624
74,39.0836334229
75,64.6439437866
76,40.1662521362
77,56.214805603
78,60.7330856323
79,74.5085296631
80,71.4158935547
81,50.4457702637
82,65.27784729
83,70.0147399902
84,76.020614624
85,69.7898864746
86,76.2442321777
87,69.3525085449
88,60.9661026001
89,55.5669631958
90,47.2316207886
91,69.6179504395
92,64.2809906006
93,63.857383728
94,55.329460144
95,72.6180419922
96,74.8596343994
97,55.5306167603
98,56.7546691895
99,68.2962341309
100,78.9982299805
101,71.6651916504
102,66.3017807007
103,75.081451416
104,64.6393280029
105,60.4430389404
106,67.677154541
107,67.2325744629
108,46.8169555664
109,49.6971893311
110,57.0249786377
111,36.5791931152
112,67.4908905029
113,56.3469543457
114,68.0958404541
115,56.9031524658
116,71.1371002197
117,75.9311065674
118,76.0656890869
119,48.6231384277
120,80.7821044922
121,58.0626907349
122,81.9687805176
123,63.6815109253
124,63.1110153198
125,61.8941574097
126,54.4087982178
127,71.2121582031
128,37.0392837524
129,65.9505233765
130,75.9788360596
131,77.4763641357
132,61.9187088013
133,68.742767334
134,75.4199066162
135,78.0248413086
136,70.4070281982
137,66.0510253906
138,69.6605377197
139,70.1460571289
140,70.6932373047
141,73.4161834717
142,54.2590484619
143,46.7842941284
144,59.7443695068
145,74.0621948242
146,69.0661010742
147,57.6310424805
148,58.611656189
149,68.1735687256
150,75.6517181396
151,57.8670349121
152,47.4091186523
153,66.1821289063
154,69.5026550293
155,72.1440582275
156,74.5202484131
157,73.6817016602
158,60.4702835083
159,72.1551818848
160,66.9741592407
161,50.8180084229
162,72.794418335
163,56.4162597656
164,71.973449707
165,66.2205047607
166,67.1880950928
167,55.6514282227
168,72.207321167
169,72.9123382568
170,70.3460388184
171,63.4795913696
172,67.3099060059
173,57.6434402466
174,68.9132995605
175,60.780128479
176,71.2371826172
177,66.4219665527
178,76.1652984619
179,44.0601882935
180,62.2836608887
181,55.25730896
182,42.0481796265
183,66.8622589111
184,66.4939041138
185,71.6729431152
186,72.3244476318
187,74.1958007813
188,50.7749862671
189,69.4863891602
190,53.4911804199
191,70.6256408691
192,41.3442687988
193,47.8836288452
194,74.7823486328
195,69.6057128906
196,70.2800292969
197,50.1612701416
198,61.5866699219
199,55.0662078857
200,70.5413513184
201,58.2668075562
202,71.6838226318
203,67.3654098511
204,61.0546417236
205,75.5016784668
206,47.307434082
207,48.9937973022
208,70.2128753662
209,45.6976242065
210,64.8864593506
211,63.9812927246
212,69.459854126
213,60.394859314
214,69.0967254639
215,69.3404693604
216,56.8373794556
217,68.6027679443
218,74.4688720703
219,73.2235565186
220,59.3114852905
221,50.1809692383
222,74.8933868408
223,72.6323852539
224,55.0823059082
225,54.5201797485
226,70.3339691162
227,65.9741821289
228,47.1656112671
229,45.198928833
230,50.7978439331
231,62.2625656128
232,62.5095367432
233,56.4793319702
234,76.918838501
235,74.135269165
236,68.4223632813
237,69.9276123047
238,65.6533966064
239,74.1674804688
240,79.7758789063
241,74.6395263672
242,50.4872283936
243,74.7855834961
244,75.3364715576
245,77.9154205322
246,47.1506500244
247,45.4075088501
248,73.8640136719
249,60.4621582031
250,69.806060791
251,69.4940643311
252,81.7050476074
253,55.9426345825
254,56.6352615356
255,55.1372528076
256,76.8004608154
257,78.443069458
258,37.6216964722
259,72.2936706543
260,48.8091430664
261,72.371307373
262,44.6264724731
263,46.1597747803
264,71.2655029297
265,72.6415405273
266,75.8108062744
267,72.9927825928
268,65.4897460938
269,41.6083602905
270,70.5835266113
271,64.6911010742
272,37.8581390381
273,42.6902313232
274,78.8318634033
275,68.4345397949
276,62.009513855
277,41.3670501709
278,47.5384521484
279,53.4702606201
280,39.7125396729
281,75.4486694336
282,46.4682769775
283,45.2663269043
284,53.9081420898
285,67.9226226807
286,49.9856491089
287,63.7085800171
288,68.3924407959
289,67.3024597168
290,67.4865875244
291,72.4206390381
292,42.5782928467
293,73.0574798584
294,63.247467041
295,74.5020751953
296,71.9365081787
297,57.4517974854
298,45.1856613159
299,72.830871582
300,70.2212677002
301,35.3320770264
302,47.7056350708
303,43.4463806152
304,63.4728546143
305,80.0467376709
306,58.1067123413
307,61.5317382813
308,50.6343917847
309,36.7494125366
310,55.8763961792
311,58.8058166504
312,59.3032989502
313,49.5321807861
314,70.1572418213
315,76.6751556396
316,69.8434448242
317,53.3581161499
318,74.7963867188
319,53.1029434204
320,69.5591278076
321,74.269241333
322,66.0693817139
323,75.0609741211
324,76.6354217529
325,48.3501968384
326,35.8856506348
327,64.8703613281
328,63.5368881226
329,75.8665466309
330,78.1554718018
331,80.7781524658
332,60.645690918
333,65.8607177734
334,68.3144073486
335,74.528717041
336,70.826171875
337,45.9881057739
338,62.0939483643
339,66.8781280518
340,47.2593002319
341,50.9952545166
342,50.8865585327
343,56.8326416016
344,49.3738327026
345,54.9324417114
346,71.1758270264
347,75.2975769043
348,76.6024017334
349,43.756149292
350,67.1568145752
351,56.8135757446
352,70.0453796387
353,70.704284668
354,74.4039611816
355,69.4765930176
356,78.9253234863
357,67.2531280518
358,58.2890319824
359,45.8077011108
360,70.7400512695
361,66.0579833984
362,53.4857254028
363,53.9150924683
364,69.7149810791
365,71.5637054443
366,38.3470458984
367,73.1894378662
368,53.3850708008
369,58.6174468994
370,74.5317230225
371,68.9898376465
372,67.2839660645
373,71.2815856934
374,59.2490005493
375,68.9431610107
376,67.8687896729
377,73.4646911621
378,68.8984527588
379,69.7763214111
380,77.9989929199
381,55.7356109619
382,52.3784942627
383,64.9732589722
384,68.8500823975
385,71.2818450928
386,74.1060943604
387,54.9551086426
388,77.6583099365
389,60.2785568237
390,58.5957717896
391,47.1574172974
392,61.4567489624
393,70.864654541
394,69.7551116943
395,48.1650619507
396,56.4554519653
397,50.1448898315
398,53.2555084229
399,43.6777114868
400,68.2684783936
401,53.1298675537
402,52.6986618042
403,72.9299926758
404,61.4308547974
405,57.1713638306
406,79.407913208
407,75.4871826172
408,57.8938064575
409,67.4200439453
410,43.8945159912
411,67.7395324707
412,70.5092773438
413,67.6157989502
414,39.8645935059
415,66.5619812012
416,73.7879943848
417,75.9815216064
418,70.1702423096
419,62.8105010986
420,70.1348266602
421,49.3798828125
422,45.4602737427
423,80.0523834229
424,56.667388916
425,70.9579925537
426,60.0766830444
427,73.9486236572
428,82.0917663574
429,63.7455368042
430,60.5480880737
431,54.8471832275
432,44.3202972412
433,77.8948059082
434,40.9197616577
435,62.5210342407
436,67.5756378174
437,65.5224761963
438,68.8164825439
439,53.6803359985
440,68.4680938721
441,71.5964355469
442,59.7423782349
443,39.9634780884
444,48.9899902344
445,72.727142334
446,71.9179840088
447,52.9965744019
448,50.1831970215
449,68.3767547607
450,78.3347625732
451,52.7874755859
452,61.6526412964
453,75.1802215576
454,72.3614654541
455,60.3166122437
456,77.7403717041
457,70.4313354492
458,73.5660247803
459,70.3791809082
460,48.4219970703
461,62.1596221924
462,56.4562835693
463,70.6671905518
464,68.6660003662
465,62.7454071045
466,61.4565048218
467,60.8251876831
468,62.6949615479
469,72.5389862061
470,57.0408096313
471,68.3680419922
472,45.7845916748
473,73.3546142578
474,78.6108551025
475,71.7150726318
476,74.1687927246
477,70.5715179443
478,76.5117340088
479,57.7614440918
480,71.0730743408
481,69.6439819336
482,67.5358428955
483,70.8709411621
484,60.2302856445
485,71.398727417
486,66.061050415
487,47.1600036621
488,77.1092376709
489,73.9904937744
490,43.3346557617
491,48.0051498413
492,75.5234375
493,70.6127319336
494,58.3917770386
495,76.1801757813
496,70.2723999023
497,70.0097351074
498,64.372467041
499,56.7057342529
500,70.5726776123
501,81.1873168945
502,80.7978973389
503,67.4949874878
504,68.4923400879
505,51.9074859619
506,73.3310394287
507,73.9988861084
508,58.4528198242
509,62.9823150635
510,72.4469909668
511,62.9416503906
512,54.2653884888
513,69.7743377686
514,62.9772109985
515,76.1080780029
516,74.884262085
517,79.6097564697
518,66.5949707031
519,43.4002304077
520,75.6343841553
521,71.7550354004
522,58.2238540649
523,75.0963439941
524,72.4026947021
525,57.4602355957
526,57.0962753296
527,77.5329284668
528,70.1046600342
529,73.2902832031
530,47.4341201782
531,43.564781189
532,51.7951431274
533,50.5155792236
534,59.583732605
535,51.5377883911
536,69.1986541748
537,62.2735900879
538,64.3855743408
539,41.8880157471
540,56.9659347534
541,74.5542755127
542,74.9571075439
543,61.6770858765
544,50.4554519653
545,72.9561157227
546,69.7425384521
547,75.7663421631
548,69.5312805176
549,68.9161682129
550,76.2499237061
551,72.0560150146
552,60.8447265625
553,61.9516448975
554,59.1549530029
555,55.1909332275
556,46.9351730347
557,72.831237793
558,64.9310150146
559,56.1990203857
560,72.5281829834
561,49.8273773193
562,74.5355682373
563,53.414894104
564,54.9350204468
565,78.6192016602
566,72.4379272461
567,76.9072723389
568,65.7264404297
569,77.7285766602
570,48.9633560181
571,67.9492645264
572,61.0090408325
573,64.8482818604
574,53.8984222412
575,70.3342285156
576,68.5808563232
577,50.9835739136
578,36.3318557739
579,67.1009368896
580,43.3120193481
581,56.2420120239
582,68.1913909912
583,47.4309234619
584,70.7344055176
585,76.6797027588
586,71.7045898438
587,50.2933807373
588,58.087638855
589,79.9237670898
590,58.4028396606
591,80.9830627441
592,63.6395111084
593,63.180809021
594,36.1176681519
595,50.7692565918
596,71.1536407471
597,41.1795806885
598,66.3703460693
599,67.1007232666
600,77.7383422852
601,44.2392120361
602,68.5476379395
603,75.6539764404
604,77.9256896973
605,65.674911499
606,69.5621795654
607,69.1744689941
608,55.8773727417
609,72.4701690674
610,70.7803649902
611,74.6279907227
612,44.5618972778
613,77.0556945801
614,69.0670623779
615,79.3775787354
616,55.2401580811
617,57.0400695801
618,71.2396087646
619,58.5445175171
620,67.4301834106
621,76.8901062012
622,70.5517120361
623,70.8402252197
624,66.3359222412
625,59.5422134399
626,46.8162612915
627,51.6071014404
628,69.9514923096
629,72.0341949463
630,74.4325714111
631,71.3003692627
632,72.2586364746
633,74.0971374512
634,53.652923584
635,61.3337554932
636,76.7576293945
637,73.9253387451
638,55.8331069946
639,70.0687103271
640,70.899520874
641,72.4268493652
642,55.1842041016
643,44.9445800781
644,72.6590881348
645,40.8624801636
646,65.419052124
647,57.0441589355
648,71.8894805908
649,66.4576416016
650,71.4122009277
651,74.9857635498
652,43.8656921387
653,79.5179595947
654,55.9908599854
655,68.2657623291
656,66.1558685303
657,49.4357452393
658,54.1714096069
659,74.3282470703
660,52.0726852417
661,69.7015991211
662,63.4593734741
663,50.5854034424
664,72.3908081055
665,70.3260803223
666,74.4618988037
667,49.5735015869
668,74.7272186279
669,69.1647338867
670,71.9991149902
671,46.6689300537
672,50.0137481689
673,74.9086303711
674,61.7832870483
675,64.9401397705
676,56.1413879395
677,70.4892578125
678,58.8367996216
679,71.9247131348
680,67.3211898804
681,64.2048721313
682,61.4704742432
683,75.4682159424
684,48.0607147217
685,49.4139328003
686,62.2811355591
687,60.3633804321
688,70.4064483643
689,76.547454834
690,65.5364074707
691,39.4479904175
692,80.0066986084
693,65.2149200439
694,62.7488937378
695,73.4812774658
696,69.2302246094
697,76.1820373535
698,60.934928894
699,69.6173706055
700,69.4494476318
701,50.4341506958
702,56.5581741333
703,69.460647583
704,39.0338439941
705,74.4176635742
706,74.6885070801
707,72.4372558594
708,59.3932876587
709,49.111541748
710,74.8691101074
711,53.6065216064
712,54.4002227783
713,80.5550994873
714,65.0896606445
715,46.5013198853
716,46.2471237183
717,50.7069244385
718,63.5758972168
719,60.7895202637
720,77.4328613281
721,74.5181427002
722,61.2148361206
723,69.878616333
724,69.871673584
725,66.5842285156
726,80.0442199707
727,51.8785552979
728,74.8414611816
729,74.5551757813
730,30.3122024536
731,70.780456543
732,68.896194458
733,66.2540206909
734,77.5689544678
735,46.4880142212
736,64.9504241943
737,73.7746887207
738,60.0133361816
739,70.0343780518
740,69.9589385986
741,81.4606018066
742,55.4442062378
743,58.6923980713
744,75.1478881836
745,62.3527450562
746,72.0614929199
747,49.3594055176
748,74.8325653076
749,67.7829437256
750,73.3358001709
751,72.7579498291
752,65.441986084
753,74.1733398438
754,70.5556793213
755,79.7810821533
756,38.6573486328
757,59.6061325073
758,78.3387145996
759,68.1295623779
760,58.1901779175
761,40.5448684692
762,73.8118286133
763,69.0577087402
764,33.1499633789
765,38.8335266113
766,75.7345581055
767,45.8807678223
768,41.387550354
769,44.6724853516
770,55.4449691772
771,52.9073410034
772,68.1903991699
773,67.9374694824
774,72.2941741943
775,50.7080917358
776,66.0781555176
777,60.8617935181
778,43.3616714478
779,70.2317810059
780,73.522857666
781,74.4738922119
782,57.295249939
783,54.3037185669
784,72.0850982666
785,47.7791137695
786,69.5620727539
787,65.2548370361
788,79.8531646729
789,60.7157058716
790,50.4545898438
791,62.9811325073
792,55.799118042
793,58.8119659424
794,73.2059020996
795,60.1261749268
796,49.9952392578
797,69.2254638672
798,49.8151397705
799,43.7936325073
800,52.074005127
801,68.8864593506
802,72.7386474609
803,66.2044677734
804,74.6543731689
805,76.5440673828
806,59.7667999268
807,35.5185089111
808,63.7109909058
809,64.198600769
810,75.8600616455
811,78.3343658447
812,81.5195465088
813,62.3470458984
814,66.9416503906
815,64.060760498
816,69.8433990479
817,66.9771728516
818,77.1969909668
819,50.1700286865
820,50.8537216187
821,57.1363143921
822,49.0915374756
823,69.8399505615
824,71.213760376
825,75.7067871094
826,76.3364257813
827,44.9919433594
828,68.3382873535
829,69.4857177734
830,69.6213684082
831,74.3556213379
832,43.0276794434
833,72.1597290039
834,78.1815643311
835,72.9381256104
836,78.6868743896
837,67.2688140869
838,54.5071029663
839,46.4011993408
840,63.1453094482
841,69.4283294678
842,51.8601608276
843,54.4620819092
844,70.0975341797
845,72.3206176758
846,71.1529388428
847,38.7517242432
848,71.8322296143
849,44.7013626099
850,47.8008346558
851,74.2555847168
852,53.7966461182
853,67.9752044678
854,59.467666626
855,69.0401000977
856,74.8288574219
857,68.5443725586
858,70.8276824951
859,68.9880371094
860,72.9933776855
861,55.0824584961
862,31.7611713409
863,63.5810852051
864,50.5601119995
865,70.0096740723
866,70.5153503418
867,74.3803863525
868,51.3925628662
869,49.5281677246
870,71.7363891602
871,61.3667755127
872,70.5475921631
873,50.4558181763
874,65.8309860229
875,52.6418685913
876,43.2611236572
877,63.2970123291
878,72.8395843506
879,65.7080764771
880,49.3293838501
881,66.2538299561
882,56.604347229
883,66.998260498
884,42.8948516846
885,51.5302124023
886,71.2068786621
887,67.0970230103
888,67.0673828125
889,66.4991760254
890,73.1675567627
891,70.6465911865
892,73.8204040527
893,69.6851959229
894,69.9663696289
895,68.664352417
896,69.3371887207
897,61.6062850952
898,48.2163467407
899,72.33253479
900,70.2587890625
901,50.9384689331
902,45.4923324585
903,79.1918182373
904,60.8971786499
905,74.0437316895
906,81.5358581543
907,63.0533065796
908,60.1280136108
909,53.1464996338
910,44.0952911377
911,77.9651489258
912,43.6602020264
913,62.5962219238
914,61.203338623
915,72.1511688232
916,72.9385375977
917,70.4932403564
918,52.6322555542
919,69.340927124
920,39.9271240234
921,59.8295822144
922,49.388885498
923,68.0064849854
924,72.6154174805
925,70.7838897705
926,49.2846603394
927,68.6617736816
928,78.6138000488
929,52.1312408447
930,75.1671447754
931,72.3720245361
932,69.9341125488
933,71.5947723389
934,42.5729675293
935,61.9423446655
936,56.6462936401
937,55.5055160522
938,70.8210449219
939,63.7422943115
940,64.6406860352
941,62.103012085
942,60.196937561
943,63.9089660645
944,57.133354187
945,70.8323516846
946,67.7566070557
947,78.5801696777
948,50.4566650391
949,43.8547668457
950,62.6578598022
951,70.7404632568
952,75.3773193359
953,61.6453170776
954,59.882194519
955,71.1470489502
956,69.9969177246
957,72.785369873
958,73.2838592529
959,70.3132019043
960,55.2741394043
961,76.2897491455
962,73.6764221191
963,73.2719268799
964,43.9617004395
965,76.4270172119
966,70.6692657471
967,55.2724838257
968,64.1442947388
969,68.7412414551
970,70.3299713135
971,54.9300918579
972,70.5249786377
973,60.538444519
974,70.375793457
975,67.8769226074
976,67.9046936035
977,68.6515960693
978,69.1201629639
979,73.2994384766
980,59.1673660278
981,62.2233810425
982,53.8116378784
983,72.6300811768
984,63.4182739258
985,53.9527130127
986,60.1947479248
987,70.1653594971
988,73.5885772705
989,62.5753097534
990,76.7081604004
991,75.6297454834
992,73.2716522217
993,66.2868041992
994,41.5850753784
995,76.1689453125
996,56.9248275757
997,57.7859420776
998,75.4603118896
999,72.1609954834
1000,58.0164794922
1001,66.6184692383
1002,58.5440597534
1003,78.7050018311
1004,69.6092681885
1005,73.866394043
1006,37.4136810303
1007,46.3642120361
1008,43.8849716187
1009,73.1480560303
1010,51.8302536011
1011,59.7969589233
1012,42.5684051514
1013,52.380027771
1014,45.5683746338
1015,42.0429763794
1016,62.9936752319
1017,36.5129089355
1018,56.9683761597
1019,74.3207397461
1020,66.6862869263
1021,50.3155517578
1022,75.5801849365
1023,75.5723266602
1024,69.4587554932
1025,68.80078125
1026,76.2416687012
1027,57.1657028198
1028,61.6344985962
1029,55.1287841797
1030,47.4991073608
1031,73.4197845459
1032,51.9796981812
1033,56.3737258911
1034,71.9750366211
1035,65.0979309082
1036,49.5650863647
1037,75.0037078857
1038,54.0713195801
1039,66.0001220703
1040,78.3705444336
1041,74.2573242188
1042,71.2093048096
1043,77.4228363037
1044,56.5183868408
1045,64.4488372803
1046,79.6068267822
1047,72.6469573975
1048,66.0747070313
1049,69.4625549316
1050,68.9468994141
1051,50.627746582
1052,36.0960693359
1053,67.3766708374
1054,42.9958724976
1055,56.10987854
1056,68.3097076416
1057,60.8626556396
1058,55.3323059082
1059,68.8995513916
1060,77.3330993652
1061,48.4298477173
1062,48.7269897461
1063,58.7310791016
1064,80.1286773682
1065,74.0411987305
1066,82.1291656494
1067,73.9624938965
1068,63.3440551758
1069,70.3658447266
1070,57.322845459
1071,70.7338256836
1072,67.4557952881
1073,48.995765686
1074,74.7477264404
1075,76.4248962402
1076,65.4783859253
1077,68.5364227295
1078,54.8184051514
1079,72.5643768311
1080,72.0385131836
1081,74.6128692627
1082,69.250869751
1083,77.3115386963
1084,71.1810913086
1085,57.8339157104
1086,67.6669006348
1087,73.0388946533
1088,77.3102416992
1089,71.2832794189
1090,53.7126846313
1091,45.7489776611
1092,66.8870544434
1093,58.6761474609
1094,51.1512680054
1095,71.8738861084
1096,64.3682174683
1097,71.6272888184
1098,74.1845550537
1099,43.8102264404
1100,54.8017196655
1101,56.3673706055
1102,45.4186477661
1103,49.786529541
1104,72.5276641846
1105,74.2993621826
1106,59.2490844727
1107,70.5378570557
1108,58.6337280273
1109,70.981048584
1110,67.8984832764
1111,54.2626953125
1112,55.6406326294
1113,72.351852417
1114,35.9777069092
1115,64.0377502441
1116,59.0055389404
1117,56.6930923462
1118,73.849029541
1119,74.903793335
1120,43.4434890747
1121,51.9980316162
1122,57.331451416
1123,69.5455322266
1124,66.0899047852
1125,49.6976013184
1126,72.5200805664
1127,74.1871948242
1128,52.3495788574
1129,69.0042572021
1130,63.6978530884
1131,57.5417404175
1132,76.8932037354
1133,70.3639526367
1134,74.4009552002
1135,48.9763183594
1136,59.682975769
1137,69.3319091797
1138,55.2620315552
1139,61.1205368042
1140,57.4678955078
1141,65.1303329468
1142,56.5426101685
1143,73.0440063477
1144,70.9655609131
1145,66.6756744385
1146,60.6610717773
1147,65.609085083
1148,75.1585083008
1149,47.6835708618
1150,47.337928772
1151,62.855255127
1152,59.2282714844
1153,79.8005218506
1154,70.5157318115
1155,46.1733627319
1156,64.9994277954
1157,62.786239624
1158,73.6369781494
1159,68.8026885986
1160,69.3676147461
1161,71.6236877441
1162,56.1509628296
1163,67.8037109375
1164,39.0053329468
1165,74.8495330811
1166,74.216003418
1167,58.3196029663
1168,58.3870697021
1169,74.8176727295
1170,54.5346679688
1171,80.784866333
1172,65.2792510986
1173,46.9148025513
1174,74.0139160156
1175,71.1306304932
1176,50.0747070313
1177,63.1987915039
1178,74.222946167
1179,61.6809387207
1180,70.5950469971
1181,74.6163787842
1182,71.2869720459
1183,70.3696746826
1184,65.7446899414
1185,78.5407562256
1186,75.7640991211
1187,74.0819396973
1188,74.8453521729
1189,72.1065673828
1190,32.2503356934
1191,69.1545410156
1192,77.1013336182
1193,72.1771850586
1194,76.8147888184
1195,76.5088195801
1196,73.662689209
1197,54.4519729614
1198,54.931892395
1199,72.3599853516
1200,69.7825775146
1201,72.6093139648
1202,71.7934112549
1203,71.4849090576
1204,71.5393829346
1205,54.0803222656
1206,57.7928466797
1207,75.8551025391
1208,63.4851379395
1209,68.4494934082
1210,71.88671875
1211,49.9461288452
1212,79.7823638916
1213,76.9047851563
1214,60.9341964722
1215,75.0342712402
1216,36.5018310547
1217,72.6600646973
1218,72.3363952637
1219,66.3191833496
1220,69.5618743896
1221,56.0001983643
1222,49.1404418945
1223,39.8633117676
1224,77.8829040527
1225,58.9783554077
1226,40.5041885376
1227,69.235458374
1228,70.6547088623
1229,66.7023468018
1230,74.6466674805
1231,45.7111358643
1232,41.7149200439
1233,53.2699127197
1234,70.3480072021
1235,61.7018737793
1236,75.9841308594
1237,53.867805481
1238,55.0092544556
1239,71.9276885986
1240,62.2784881592
1241,72.5994415283
1242,44.0056533813
1243,73.3325653076
1244,55.0060501099
1245,62.924697876
1246,40.384262085
1247,73.9213256836
1248,77.2209472656
1249,69.2725524902
1250,55.3856658936
1251,59.3499679565
1252,62.4768295288
1253,47.2058563232
1254,74.2451477051
1255,50.0434646606
1256,78.7100524902
1257,60.6195678711
1258,58.0614089966
1259,50.0955276489
1260,63.8582687378
1261,71.4147949219
1262,71.7911224365
1263,76.0605316162
1264,58.816619873
1265,59.560508728
1266,69.7989044189
1267,69.8405303955
1268,43.229347229
1269,50.8235931396
1270,70.2100524902
1271,75.7558898926
1272,66.2253417969
1273,74.5478057861
1274,74.1405181885
1275,59.596824646
1276,35.2754135132
1277,57.0442276001
1278,63.8862533569
1279,64.8970184326
1280,74.9276885986
1281,78.9470062256
1282,58.7366867065
1283,81.7216644287
1284,47.8641738892
1285,57.7795333862
1286,66.7388153076
1287,60.0144500732
1288,71.1787719727
1289,67.0005950928
1290,47.1526031494
1291,70.4977416992
1292,51.0775680542
1293,48.6661529541
1294,69.1347198486
1295,70.5453186035
1296,75.8590087891
1297,76.1531677246
1298,44.8740997314
1299,68.6585388184
1300,69.4992980957
1301,68.3661651611
1302,56.0194168091
1303,74.287399292
1304,71.5271453857
1305,77.5237579346
1306,72.297744751
1307,78.5335998535
1308,51.6784515381
1309,72.8630981445
1310,78.377822876
1311,57.5803451538
1312,44.7461166382
1313,50.6126861572
1314,56.078704834
1315,55.4773101807
1316,72.157699585
1317,38.9586105347
1318,39.4760971069
1319,71.71043396
1320,77.7009124756
1321,44.8535461426
1322,59.6928329468
1323,74.2390899658
1324,54.0884780884
1325,66.5917510986
1326,71.4714508057
1327,69.5176544189
1328,38.8689117432
1329,60.3927993774
1330,51.3675308228
1331,50.3287200928
1332,70.5691070557
1333,69.2204742432
1334,36.363609314
1335,74.289932251
1336,60.4729003906
1337,71.4500579834
1338,63.1539382935
1339,28.7701377869
1340,50.4865570068
1341,63.8340072632
1342,69.8072509766
1343,70.8972625732
1344,74.7889709473
1345,51.8614349365
1346,49.0479660034
1347,70.2894897461
1348,49.1500244141
1349,77.2085113525
1350,61.0081176758
1351,61.58984375
1352,78.0663452148
1353,41.4440307617
1354,59.4391937256
1355,70.7497253418
1356,51.2465286255
1357,68.4494934082
1358,53.4245300293
1359,71.5742950439
1360,67.0816345215
1361,48.6541366577
1362,65.311126709
1363,57.0014877319
1364,61.1903686523
1365,42.5032196045
1366,62.0316467285
1367,50.9701156616
1368,46.4990615845
1369,70.3944396973
1370,67.3593902588
1371,62.5401535034
1372,58.0413284302
1373,46.4262008667
1374,65.3570251465
1375,66.0482406616
1376,72.5552215576
1377,74.9371490479
1378,69.5990142822
1379,68.0233001709
1380,70.1671295166
1381,68.6146240234
1382,58.6397857666
1383,72.048248291
1384,70.0919952393
1385,47.5515670776
1386,60.3580627441
1387,79.3510894775
1388,59.9441299438
1389,70.2949676514
1390,73.1258850098
1391,62.2929077148
1392,49.188949585
1393,72.5680389404
1394,56.9484786987
1395,53.7004928589
1396,70.5630950928
1397,69.9145965576
1398,44.1435317993
1399,63.1505737305
1400,73.0348205566
1401,71.3015289307
1402,70.4156951904
1403,55.9383239746
1404,39.3236618042
1405,60.582244873
1406,49.7719039917
1407,67.1028747559
1408,71.3636474609
1409,70.1013641357
1410,51.1208114624
1411,68.3109893799
1412,78.282989502
1413,52.289024353
1414,71.7560424805
1415,70.358291626
1416,72.4848480225
1417,77.0267486572
1418,42.6637802124
1419,74.7166900635
1420,62.9212036133
1421,62.2711868286
1422,57.288230896
1423,56.8489990234
1424,71.1809234619
1425,64.3196716309
1426,60.3470916748
1427,65.0550842285
1428,54.4024353027
1429,68.2042541504
1430,41.0425033569
1431,50.7691345215
1432,69.9004974365
1433,76.3337097168
1434,70.9393615723
1435,74.246383667
1436,61.3324203491
1437,71.7967224121
1438,59.8321762085
1439,71.4905853271
1440,39.8508911133
1441,72.3500518799
1442,72.6418151855
1443,70.2483673096
1444,76.132598877
1445,75.6168670654
1446,72.2242889404
1447,72.9775390625
1448,42.260017395
1449,76.5194091797
1450,76.4077758789
1451,70.7957458496
1452,56.0100860596
1453,63.8452987671
1454,52.7175521851
1455,54.6787109375
1456,72.3404541016
1457,54.7306060791
1458,74.3534545898
1459,47.017829895
1460,70.6246795654
1461,67.5432891846
1462,71.6466217041
1463,67.4273605347
1464,68.8084106445
1465,69.8958282471
1466,60.4987945557
1467,65.4277496338
1468,56.6754074097
1469,63.7209320068
1470,53.5613632202
1471,73.9139862061
1472,51.4300689697
1473,52.4863815308
1474,71.0149688721
1475,61.8311386108
1476,76.4858856201
1477,75.8499908447
1478,66.4526062012
1479,51.182144165
1480,41.7108612061
1481,75.3132171631
1482,58.3579025269
1483,57.0990219116
1484,75.4612731934
1485,72.9821929932
1486,79.3303222656
1487,56.7217788696
1488,64.768447876
1489,78.1735534668
1490,70.2353820801
1491,58.0937957764
1492,37.2713470459
1493,76.5683746338
1494,46.4977111816
1495,42.4790802002
1496,73.4639892578
1497,45.5356216431
1498,53.6902542114
1499,46.5394592285
1500,42.3392562866
1501,72.4339141846
1502,65.0400543213
1503,38.2994918823
1504,57.2827987671
1505,38.7602767944
1506,45.1162796021
1507,67.5865402222
1508,73.7420196533
1509,75.2149505615
1510,74.7617950439
1511,70.1599731445
1512,68.22265625
1513,76.6331481934
1514,61.6633529663
1515,53.4109573364
1516,53.842376709
1517,82.4446868896
1518,74.4317779541
1519,52.3379592896
1520,57.5899047852
1521,72.2591552734
1522,49.7155609131
1523,75.0266418457
1524,57.1309356689
1525,65.3596801758
1526,78.5473937988
1527,73.9758758545
1528,72.1326293945
1529,75.9384918213
1530,63.1302108765
1531,56.5573577881
1532,72.1837615967
1533,66.5145568848
1534,66.1328659058
1535,69.9493408203
1536,49.3986663818
1537,51.1988372803
1538,51.0175552368
1539,35.8947525024
1540,56.6369476318
1541,68.1480102539
1542,69.3450622559
1543,59.5788955688
1544,57.4565734863
1545,80.4268341064
1546,82.0258636475
1547,62.4636383057
1548,53.1581344604
1549,58.6135864258
1550,68.1538085938
1551,78.3520050049
1552,51.2402954102
1553,75.5292358398
1554,70.6787567139
1555,57.0363922119
1556,74.9274597168
1557,62.6553115845
1558,76.4323730469
1559,67.501373291
1560,65.3117828369
1561,69.0145111084
1562,55.2910461426
1563,71.8990020752
1564,72.9695281982
1565,73.4531402588
1566,69.0476226807
1567,76.2075042725
1568,57.810798645
1569,77.1118774414
1570,45.7152175903
1571,71.9260406494
1572,56.4603652954
1573,62.1017456055
1574,79.8903045654
1575,64.0118560791
1576,74.6075592041
1577,44.154876709
1578,55.8502960205
1579,48.388381958
1580,70.8842010498
1581,58.9899673462
1582,69.405090332
1583,70.6196289063
1584,64.2686309814
1585,65.3807373047
1586,53.2659301758
1587,70.8325958252
1588,55.1325378418
1589,72.2277069092
1590,57.0575027466
1591,71.7611541748
1592,65.6960754395
1593,78.2568206787
1594,69.6162567139
1595,74.6441650391
1596,56.1231231689
1597,39.2590713501
1598,50.0154342651
1599,66.051109314
1600,48.4609985352
1601,72.96925354
1602,81.278213501
1603,52.1757965088
1604,77.9747009277
1605,69.2699432373
1606,68.6965942383
1607,63.5145645142
1608,55.8137359619
1609,70.5586090088
1610,56.6613006592
1611,74.5836029053
1612,50.8231582642
1613,60.2972335815
1614,68.016204834
1615,60.8707885742
1616,58.0321578979
1617,58.5579986572
1618,65.3224182129
1619,57.4173583984
1620,70.7736053467
1621,80.8886413574
1622,67.4127960205
1623,75.6556854248
1624,75.4983673096
1625,74.813079834
1626,44.9704971313
1627,50.9591903687
1628,48.0165176392
1629,63.3673019409
1630,61.5620498657
1631,80.5304870605
1632,64.4837341309
1633,67.8717498779
1634,40.6051940918
1635,71.1696472168
1636,55.7889938354
1637,68.1119995117
1638,38.6572494507
1639,75.3277587891
1640,58.2230300903
1641,57.655921936
1642,75.003692627
1643,74.5433044434
1644,72.34425354
1645,53.3413696289
1646,80.0747833252
1647,63.8857421875
1648,45.5797271729
1649,65.5057830811
1650,50.3298873901
1651,60.0980911255
1652,45.2079772949
1653,40.168800354
1654,61.4902267456
1655,74.1662902832
1656,74.6985473633
1657,66.755355835
1658,60.3534698486
1659,70.7324523926
1660,57.5425109863
1661,69.3990325928
1662,73.6674499512
1663,78.8034667969
1664,68.6277770996
1665,75.0468597412
1666,71.7362670898
1667,31.799123764
1668,65.4097442627
1669,68.7164611816
1670,72.198928833
1671,74.1831512451
1672,81.499710083
1673,76.7769165039
1674,72.5423736572
1675,58.8322982788
1676,76.3947601318
1677,55.6259155273
1678,70.2203063965
1679,69.5888366699
1680,42.2052078247
1681,57.6740951538
1682,71.1317443848
1683,52.7160263062
1684,75.2409820557
1685,61.5020217896
1686,67.3125152588
1687,78.6752624512
1688,56.4263458252
1689,50.4305496216
1690,69.5897216797
1691,73.7277069092
1692,75.8914031982
1693,36.950630188
1694,74.199005127
1695,72.8268127441
1696,67.1562957764
1697,49.8232803345
1698,68.409362793
1699,41.8234634399
1700,65.8950653076
1701,60.2190704346
1702,70.5870666504
1703,66.4771270752
1704,74.9241485596
1705,42.3085632324
1706,78.447479248
1707,78.9449768066
1708,78.5247650146
1709,66.1433868408
1710,43.4088287354
1711,54.5277328491
1712,59.3616943359
1713,69.7675170898
1714,61.9495544434
1715,49.3815536499
1716,44.5667953491
1717,73.5586547852
1718,54.4455032349
1719,74.0701599121
1720,59.0255279541
1721,58.2504806519
1722,55.0530319214
1723,47.049697876
1724,74.1070251465
1725,50.3601455688
1726,79.6648712158
1727,50.1288223267
1728,63.2905273438
1729,56.4234008789
1730,49.4814071655
1731,56.8326873779
1732,59.7909545898
1733,59.8201370239
1734,69.9909210205
1735,69.447845459
1736,44.0482177734
1737,56.7783432007
1738,69.7059020996
1739,73.0722503662
1740,65.4792785645
1741,59.226852417
1742,38.4040298462
1743,56.3882904053
1744,64.0412139893
1745,60.1249542236
1746,75.5942077637
1747,80.5952148438
1748,78.7523956299
1749,82.2016906738
1750,58.0876846313
1751,63.8087310791
1752,60.3629226685
1753,55.1098937988
1754,61.1344985962
1755,66.7365570068
1756,48.599609375
1757,53.5768127441
1758,47.2599334717
1759,49.2117919922
1760,70.8672637939
1761,76.5166625977
1762,40.9740524292
1763,55.8316726685
1764,48.1974258423
1765,77.1487579346
1766,79.3931732178
1767,51.3729095459
1768,71.6936645508
1769,78.0199127197
1770,66.4364929199
1771,54.3804168701
1772,45.2428436279
1773,74.2610321045
1774,76.7129974365
1775,51.3706359863
1776,53.7861938477
1777,57.5436325073
1778,71.9078674316
1779,40.2878036499
1780,77.8994903564
1781,45.3163146973
1782,74.3831176758
1783,42.4712600708
1784,66.8453521729
1785,72.2355041504
1786,68.4579467773
1787,75.4101409912
1788,67.4609527588
1789,70.6193847656
1790,68.30418396
1791,69.1091918945
1792,60.1670761108
1793,73.9024505615
1794,80.9346618652
1795,51.5142669678
1796,69.5713806152
1797,71.2713623047
1798,74.4575500488
1799,42.9339370728
1800,70.4886169434
1801,47.6525115967
1802,77.6335296631
1803,60.6057891846
1804,60.4003372192
1805,45.7706832886
1806,77.8802185059
1807,70.4199523926
1808,80.0146942139
1809,51.0208129883
1810,73.0986938477
1811,72.8430175781
1812,65.4172973633
1813,56.7319946289
1814,61.9399032593
1815,71.5831756592
1816,64.2579193115
1817,61.6332855225
1818,51.5228881836
1819,65.793548584
1820,56.1566390991
1821,60.9083633423
1822,56.5177993774
1823,61.9309844971
1824,81.1588592529
1825,70.8144226074
1826,62.5847930908
1827,79.0132446289
1828,49.3185348511
1829,66.3919372559
1830,71.6842041016
1831,72.5991363525
1832,70.8363494873
1833,64.0936584473
1834,73.4533996582
1835,70.6987609863
1836,71.4345855713
1837,72.9930725098
1838,69.9022369385
1839,44.6665115356
1840,59.6583175659
1841,45.2202606201
1842,59.7185211182
1843,69.9214630127
1844,69.7195739746
1845,60.8137664795
1846,76.3694458008
1847,71.6001586914
1848,58.1487579346
1849,51.4149093628
1850,70.5386657715
1851,61.6358795166
1852,63.1518478394
1853,54.1260452271
1854,42.087852478
1855,54.8237533569
1856,69.666809082
1857,39.0250396729
1858,60.048614502
1859,51.3091125488
1860,73.5586700439
1861,71.8653106689
1862,71.8270263672
1863,50.5625
1864,68.256072998
1865,77.9873962402
1866,52.2161026001
1867,72.016494751
1868,66.3339996338
1869,70.1647033691
1870,69.7531585693
1871,76.893081665
1872,45.0106582642
1873,74.9256134033
1874,62.1943283081
1875,48.5313262939
1876,57.5699691772
1877,71.622833252
1878,70.2096405029
1879,61.6262283325
1880,59.59425354
1881,65.5355300903
1882,60.0576858521
1883,52.4404983521
1884,71.1567687988
1885,41.5344085693
1886,81.8184967041
1887,63.4418258667
1888,71.1984100342
1889,73.7785644531
1890,71.5452575684
1891,59.4424972534
1892,71.3820495605
1893,42.5229263306
1894,39.0735778809
1895,67.3789749146
1896,72.2182617188
1897,62.4634170532
1898,73.4413299561
1899,76.6200714111
1900,72.0913391113
1901,72.7212677002
1902,42.7614898682
1903,75.5375518799
1904,76.5063934326
1905,75.4122772217
1906,70.7463531494
1907,67.9380187988
1908,63.6179199219
1909,51.7741088867
1910,82.6957092285
1911,69.4367828369
1912,55.1776428223
1913,54.2264480591
1914,74.2462463379
1915,70.1331787109
1916,66.7055282593
1917,67.7032623291
1918,68.8795623779
1919,54.6698455811
1920,61.3302536011
1921,62.5933990479
1922,65.9199371338
1923,72.2971954346
1924,47.6035232544
1925,63.771156311
1926,53.0357055664
1927,70.1965942383
1928,70.3281402588
1929,70.4241333008
1930,61.8384475708
1931,75.0914154053
1932,76.0086212158
1933,67.9901123047
1934,50.5009689331
1935,42.713470459
1936,75.3895874023
1937,73.421875
1938,72.4510498047
1939,56.5248260498
1940,75.1846618652
1941,72.8636779785
1942,33.7313728333
1943,77.6384735107
1944,57.1635818481
1945,46.6076431274
1946,71.7883148193
1947,79.3837127686
1948,70.1781311035
1949,78.650970459
1950,43.703666687
1951,47.6690139771
1952,43.2467880249
1953,71.224029541
1954,45.5446548462
1955,61.3543014526
1956,43.7435455322
1957,40.150390625
1958,72.5497894287
1959,65.0423736572
1960,66.4684906006
1961,45.4457092285
1962,57.3822631836
1963,44.5660324097
1964,52.6416091919
1965,56.7568130493
1966,67.0897064209
1967,73.5697479248
1968,66.0602416992
1969,75.8243865967
1970,52.5062408447
1971,74.5732421875
1972,75.4143829346
1973,70.0173187256
1974,67.5521240234
1975,68.8180999756
1976,76.3227386475
1977,62.2927932739
1978,70.9338378906
1979,53.6398239136
1980,53.1100158691
1981,75.6988067627
1982,72.713104248
1983,61.5246963501
1984,50.8809127808
1985,58.7289810181
1986,73.4640197754
1987,74.5689849854
1988,66.1772384644
1989,71.9600219727
1990,57.8328399658
1991,67.8990478516
1992,80.4571075439
1993,72.0895080566
1994,69.9788513184
1995,72.3431396484
1996,75.1227111816
1997,70.5837402344
1998,64.0306549072
1999,72.3394775391
2000,66.7151947021
2001,52.1314163208
2002,74.2721710205
2003,70.7047119141
2004,50.5093765259
2005,79.2276916504
2006,53.2144012451
2007,73.1666259766
2008,56.9461975098
2009,68.2786102295
2010,68.7872924805
2011,76.046081543
2012,57.8644790649
2013,69.3889923096
2014,82.056930542
2015,47.9297561646
2016,52.2290267944
2017,73.4342498779
2018,78.3023223877
2019,75.7392120361
2020,47.2816543579
2021,76.255645752
2022,76.7073059082
2023,52.4866867065
2024,64.9269104004
2025,72.7986602783
2026,71.7050170898
2027,73.6311035156
2028,75.5652770996
2029,80.3019256592
2030,74.3938903809
2031,57.0113983154
2032,58.5556564331
2033,76.911239624
2034,64.7392578125
2035,70.6546783447
2036,51.950340271
2037,46.2699890137
2038,63.861541748
2039,55.5863723755
2040,73.1665649414
2041,43.0138244629
2042,55.3538970947
2043,54.239364624
2044,75.155090332
2045,71.1570281982
2046,69.5951690674
2047,65.4999542236
2048,62.1543426514
2049,70.9038391113
2050,67.8251800537
2051,55.9926300049
2052,72.1888580322
2053,47.0187759399
2054,66.4143676758
2055,65.6062469482
2056,62.9101257324
2057,70.1661071777
2058,75.4860229492
2059,72.3260803223
2060,55.5959320068
2061,66.7505950928
2062,57.42943573
2063,50.6794052124
2064,67.6055450439
2065,77.6592102051
2066,72.8719024658
2067,53.4904403687
2068,70.9385375977
2069,68.1686401367
2070,63.7800598145
2071,60.5614929199
2072,69.868637085
2073,56.6040039063
2074,75.2190246582
2075,50.4345016479
2076,59.8955001831
2077,68.7102813721
2078,28.9646530151
2079,69.6831207275
2080,70.8124847412
2081,57.8304214478
2082,64.4949035645
2083,70.3977203369
2084,81.0453796387
2085,67.2927093506
2086,36.6268386841
2087,74.4255523682
2088,73.0332946777
2089,47.334022522
2090,44.9025344849
2091,63.9167098999
2092,67.3425140381
2093,71.9856719971
2094,81.113494873
2095,64.3411102295
2096,57.5091323853
2097,72.4248504639
2098,66.4646530151
2099,73.0436553955
2100,69.1585540771
2101,71.7890625
2102,57.731590271
2103,67.6548309326
2104,38.8156661987
2105,75.0005493164
2106,59.9579925537
2107,53.6236877441
2108,80.1926879883
2109,46.4523162842
2110,64.9387054443
2111,60.9884338379
2112,57.3733139038
2113,46.6502838135
2114,60.6083526611
2115,61.1199569702
2116,74.2884216309
2117,39.0558013916
2118,60.6396331787
2119,73.8807220459
2120,78.6025695801
2121,54.6791305542
2122,74.3864440918
2123,72.8918304443
2124,51.9521484375
2125,68.4854278564
2126,73.9439697266
2127,76.7070922852
2128,72.1790924072
2129,74.2798309326
2130,73.9921875
2131,55.8527374268
2132,71.1588592529
2133,69.3856964111
2134,42.7845993042
2135,58.1271057129
2136,65.1756134033
2137,51.7657699585
2138,37.8199310303
2139,60.4693832397
2140,65.91847229
2141,51.0668487549
2142,69.7781066895
2143,73.7162475586
2144,70.9331512451
2145,36.5588150024
2146,54.72631073
2147,55.8851623535
2148,67.0240325928
2149,70.3343811035
2150,67.4507446289
2151,50.5140762329
2152,38.1323394775
2153,68.6844329834
2154,31.4653244019
2155,60.220993042
2156,73.4919281006
2157,41.1075744629
2158,73.8704681396
2159,41.81980896
2160,66.8596343994
2161,65.9133987427
2162,79.1485595703
2163,69.7810211182
2164,51.9447860718
2165,60.3057861328
2166,66.3177185059
2167,66.2125167847
2168,63.295753479
2169,43.9258270264
2170,48.4849472046
2171,75.4843292236
2172,71.2626495361
2173,65.7416229248
2174,45.3432235718
2175,59.0576553345
2176,53.8013000488
2177,74.5372161865
2178,58.2767028809
2179,72.3496398926
2180,69.1875762939
2181,56.0989151001
2182,67.0253677368
2183,62.0868148804
2184,46.7996826172
2185,71.9512176514
2186,50.4946670532
2187,80.1116485596
2188,49.965423584
2189,63.4485931396
2190,54.8139266968
2191,49.7102355957
2192,57.5518188477
2193,59.403968811
2194,68.7579193115
2195,68.7965087891
2196,43.0522613525
2197,56.5069198608
2198,52.9484405518
2199,73.3273162842
2200,65.5800247192
2201,59.4898529053
2202,73.5470581055
2203,38.2491531372
2204,57.9673995972
2205,64.2179336548
2206,59.9917755127
2207,74.8098297119
2208,61.9668960571
2209,78.3304595947
2210,82.1804046631
2211,63.9245452881
2212,58.2060699463
2213,69.6693878174
2214,62.5718612671
2215,59.5633010864
2216,70.9123535156
2217,59.3430480957
2218,66.683380127
2219,53.3601455688
2220,52.2391433716
2221,74.467666626
2222,55.312828064
2223,70.7314605713
2224,49.1542129517
2225,70.5317230225
2226,71.1148834229
2227,41.3658599854
2228,48.9202728271
2229,33.3993873596
2230,57.4475708008
2231,78.1550750732
2232,78.9612426758
2233,52.7947921753
2234,71.9608001709
2235,77.5175018311
2236,67.0531616211
2237,53.2845458984
2238,74.2140655518
2239,74.4042358398
2240,36.9977722168
2241,70.8840484619
2242,49.3724746704
2243,59.3700942993
2244,64.3823852539
2245,71.5432128906
2246,71.7968292236
2247,40.7791442871
2248,77.9063568115
2249,46.2858963013
2250,71.2652740479
2251,42.5200805664
2252,66.0134429932
2253,72.0941162109
2254,69.3399047852
2255,68.7159423828
2256,67.2382202148
2257,75.4937896729
2258,57.5026321411
2259,69.5991363525
2260,61.094329834
2261,70.7802734375
2262,75.2466125488
2263,73.4072723389
2264,80.6760406494
2265,50.8741760254
2266,65.6022949219
2267,72.1057739258
2268,82.3567047119
2269,50.3258666992
2270,70.4044952393
2271,44.5397644043
2272,47.59375
2273,60.8496551514
2274,45.1618423462
2275,77.5950164795
2276,70.1750183105
2277,80.1498413086
2278,58.2653045654
2279,56.7171936035
2280,73.1613769531
2281,56.0059280396
2282,57.336151123
2283,75.1487121582
2284,63.7602767944
2285,61.7436447144
2286,47.6602172852
2287,56.3711090088
2288,61.0370330811
2289,42.6650924683
2290,41.18384552
2291,69.1506958008
2292,66.8605651855
2293,78.1759796143
2294,65.5905456543
2295,71.8068084717
2296,74.8015899658
2297,70.7718505859
2298,76.3433532715
2299,73.9296417236
2300,70.5462493896
2301,56.1760559082
2302,71.5797424316
2303,71.0949554443
2304,59.8407745361
2305,74.5657348633
2306,66.7004547119
2307,78.8984527588
2308,73.2384185791
2309,56.5740737915
2310,59.6496353149
2311,45.5605545044
2312,53.3371200562
2313,69.5773162842
2314,60.0422363281
2315,72.9619750977
2316,73.1875610352
2317,77.0093231201
2318,70.2649383545
2319,42.745262146
2320,63.4528045654
2321,74.6482086182
2322,70.1961975098
2323,72.0970458984
2324,70.3168640137
2325,49.2966842651
2326,70.7375183105
2327,38.8178863525
2328,61.1644210815
2329,70.8067932129
2330,73.2605438232
2331,55.6990814209
2332,74.0429229736
2333,68.5449371338
2334,77.7507629395
2335,52.4072036743
2336,54.5359802246
2337,70.2519226074
2338,68.9362487793
2339,76.570602417
2340,44.1017379761
2341,61.70362854
2342,48.2113265991
2343,57.3485488892
2344,70.8622283936
2345,45.2416381836
2346,69.2710418701
2347,73.6239929199
2348,60.9173965454
2349,58.9544754028
2350,58.1286239624
2351,54.1545791626
2352,74.0453186035
2353,49.1943435669
2354,73.4362792969
2355,71.4329071045
2356,66.2434082031
2357,76.6119995117
2358,40.1532821655
2359,81.5434570313
2360,63.3348617554
2361,71.2161560059
2362,71.0778961182
2363,60.1003265381
2364,71.4227142334
2365,75.3390960693
2366,68.023223877
2367,72.8246154785
2368,74.5362091064
2369,72.4544067383
2370,76.470413208
2371,73.2511291504
2372,72.4000396729
2373,76.0855102539
2374,76.9511566162
2375,76.7185821533
2376,56.4629135132
2377,65.1558074951
2378,65.816368103
2379,49.7007598877
2380,69.6679382324
2381,54.6139450073
2382,71.4967651367
2383,53.7816390991
2384,74.090713501
2385,70.0529327393
2386,70.8603820801
2387,67.2820510864
2388,66.8216705322
2389,68.1966094971
2390,69.3071594238
2391,53.2056045532
2392,56.6293792725
2393,65.6560592651
2394,77.5877380371
2395,52.7241210938
2396,71.3285980225
2397,53.7832260132
2398,71.5778808594
2399,74.9474334717
2400,75.6582183838
2401,67.6168212891
2402,42.2232818604
2403,68.6497497559
2404,73.7804870605
2405,72.5660247803
2406,56.5900039673
2407,60.6148147583
2408,41.2164306641
2409,73.6532745361
2410,33.4044761658
2411,77.0472106934
2412,71.2674560547
2413,78.7482757568
2414,70.2210693359
2415,77.9406585693
2416,72.5140228271
2417,46.9939804077
2418,43.6503753662
2419,71.8177490234
2420,52.4156341553
2421,55.4327774048
2422,50.9817581177
2423,79.4603729248
2424,59.5765380859
2425,44.8480987549
2426,40.857208252
2427,72.5402374268
2428,66.9090270996
2429,46.7026977539
2430,68.2027435303
2431,57.0071487427
2432,66.8997497559
2433,73.4856719971
2434,66.8228149414
2435,66.8495407104
2436,74.0254058838
2437,75.0265808105
2438,70.9480133057
2439,67.605255127
2440,66.761138916
2441,62.3306884766
2442,71.2418823242
2443,50.7499084473
2444,52.1314468384
2445,68.0321655273
2446,63.0219116211
2447,71.544631958
2448,61.9120559692
2449,51.4963760376
2450,64.5630340576
2451,73.4083099365
2452,51.0035095215
2453,72.6013641357
2454,55.8994979858
2455,67.036819458
2456,80.2957000732
2457,70.2367858887
2458,72.0645141602
2459,70.7489624023
2460,61.4352111816
2461,77.3690795898
2462,71.6228942871
2463,56.1770858765
2464,73.1727600098
2465,72.4697265625
2466,56.9130249023
2467,64.632598877
2468,57.6932220459
2469,69.294342041
2470,69.2588043213
2471,59.4056167603
2472,69.2565917969
2473,82.1573028564
2474,78.8649139404
2475,59.6552276611
2476,47.2468490601
2477,69.1541442871
2478,76.0098876953
2479,70.700012207
2480,69.6735076904
2481,47.1473693848
2482,76.6106414795
2483,76.9779052734
2484,52.1925201416
2485,65.4421615601
2486,75.71925354
2487,72.0335693359
2488,54.1738815308
2489,73.5058441162
2490,74.3237609863
2491,73.5458374023
2492,63.3883285522
2493,72.409072876
2494,76.931640625
2495,69.8795471191
2496,57.4077224731
2497,58.3616485596
2498,67.4314575195
2499,64.2257537842
2500,70.8053283691
2501,80.6008758545
2502,52.9965209961
2503,72.5631408691
2504,72.9334259033
2505,63.4866943359
2506,56.3274536133
2507,55.0720443726
2508,73.1812286377
2509,43.3846054077
2510,52.9722442627
2511,54.9239883423
2512,53.693397522
2513,69.7616119385
2514,65.852935791
2515,41.6618423462
2516,55.554977417
2517,70.6431121826
2518,67.7494506836
2519,70.287399292
2520,72.0110931396
2521,73.609664917
2522,45.3225402832
2523,66.0204162598
2524,77.9860229492
2525,57.0438919067
2526,56.4440078735
2527,54.0217819214
2528,67.6419754028
2529,57.3020095825
2530,78.0616149902
2531,81.5355834961
2532,53.0986557007
2533,71.243850708
2534,67.7951202393
2535,69.0836639404
2536,62.456199646
2537,58.7822723389
2538,69.5093383789
2539,63.4679260254
2540,51.6700744629
2541,59.5165557861
2542,72.1085357666
2543,65.669128418
2544,61.3419570923
2545,48.3838500977
2546,46.4799041748
2547,62.6692657471
2548,70.304473877
2549,79.8740844727
2550,66.39894104
2551,74.3707122803
2552,46.2240447998
2553,64.1611938477
2554,68.0141448975
2555,64.0757141113
2556,64.8603668213
2557,72.8060760498
2558,65.2206420898
2559,72.7330780029
2560,68.7831878662
2561,69.9947052002
2562,69.8701934814
2563,57.6408081055
2564,68.0365142822
2565,38.9152526855
2566,75.4697265625
2567,58.6955490112
2568,63.8708953857
2569,80.0746002197
2570,70.2372283936
2571,45.0062026978
2572,65.8695068359
2573,49.515083313
2574,57.6104431152
2575,60.2212371826
2576,61.7144927979
2577,62.1105804443
2578,48.4951400757
2579,73.9465942383
2580,78.6366271973
2581,75.4281921387
2582,66.593963623
2583,73.6717681885
2584,69.3160705566
2585,71.3686065674
2586,35.0076065063
2587,76.9271087646
2588,74.259262085
2589,51.2156906128
2590,61.1756515503
2591,56.0347595215
2592,71.0471954346
2593,69.594619751
2594,43.0442810059
2595,65.846862793
2596,69.2829284668
2597,51.7781295776
2598,61.1066589355
2599,63.1994018555
2600,67.2752380371
2601,51.4833831787
2602,74.6315612793
2603,69.294631958
2604,37.4966812134
2605,69.0117797852
2606,72.7869415283
2607,60.6254043579
2608,68.0321960449
2609,39.150604248
2610,44.6009368896
2611,51.1847457886
2612,71.7050323486
2613,64.7258453369
2614,40.3931350708
2615,73.8290405273
2616,74.1265716553
2617,66.7580413818
2618,79.2815551758
2619,69.7066345215
2620,52.2967147827
2621,35.6843566895
2622,65.9750747681
2623,76.4093475342
2624,70.8470306396
2625,50.7259521484
2626,45.9739303589
2627,71.5205383301
2628,58.0805282593
2629,52.4082489014
2630,74.1520843506
2631,76.171081543
2632,52.5261001587
2633,69.447769165
2634,55.6198348999
2635,74.1133270264
2636,39.0705184937
2637,46.577331543
2638,72.5911865234
2639,50.3056106567
2640,52.3390731812
2641,80.4270019531
2642,49.8586502075
2643,67.3347930908
2644,54.0388031006
2645,49.8901519775
2646,57.5323867798
2647,58.4595336914
2648,68.5996246338
2649,68.4594726563
2650,68.8107147217
2651,39.0739212036
2652,43.1256027222
2653,56.1211700439
2654,70.3865661621
2655,65.1472244263
2656,73.625869751
2657,38.1202774048
2658,58.0439376831
2659,62.5441436768
2660,60.9083862305
2661,75.1390075684
2662,62.1509246826
2663,75.9412078857
2664,81.7122039795
2665,74.8910522461
2666,59.1876449585
2667,81.7741851807
2668,69.5077667236
2669,65.3688964844
2670,59.632850647
2671,71.7136535645
2672,67.5316009521
2673,48.7719726563
2674,63.1624984741
2675,66.6156082153
2676,74.5916442871
2677,61.2548522949
2678,52.4859161377
2679,55.2359008789
2680,71.0294799805
2681,55.882850647
2682,69.4583587646
2683,42.0491409302
2684,74.8811187744
2685,48.8678131104
2686,81.1203765869
2687,49.9949417114
2688,64.8491897583
2689,58.3991775513
2690,78.0607757568
2691,55.1616668701
2692,79.1791229248
2693,53.8824462891
2694,78.2328643799
2695,66.9663009644
2696,52.3268356323
2697,74.2012481689
2698,35.9409332275
2699,71.330947876
2700,50.4256973267
2701,64.4808197021
2702,58.0179214478
2703,64.9654312134
2704,71.5950317383
2705,59.4987411499
2706,40.5495605469
2707,76.3012084961
2708,58.7711334229
2709,71.2373199463
2710,43.6695709229
2711,74.0976867676
2712,66.1477508545
2713,68.9547576904
2714,66.6960906982
2715,56.9067153931
2716,68.5093536377
2717,72.4173736572
2718,47.5544967651
2719,61.3176040649
2720,70.4651947021
2721,66.7036590576
2722,66.3900527954
2723,71.6365966797
2724,58.6613464355
2725,72.5770111084
2726,75.0441131592
2727,64.7305297852
2728,45.2857589722
2729,50.1895751953
2730,66.3911743164
2731,46.9847259521
2732,77.0728912354
2733,47.5436859131
2734,79.7793579102
2735,55.7711105347
2736,72.8533172607
2737,71.338684082
2738,60.5886611938
2739,57.2275314331
2740,57.5229187012
2741,74.1507873535
2742,67.0624542236
2743,61.2409973145
2744,46.8606109619
2745,55.3833007813
2746,60.5269699097
2747,69.5600280762
2748,66.7198638916
2749,69.1912231445
2750,66.2028579712
2751,70.6323547363
2752,59.4173736572
2753,74.3764801025
2754,70.2218780518
2755,69.3148040771
2756,73.0692443848
2757,70.9756622314
2758,57.4584960938
2759,70.6289215088
2760,58.6212539673
2761,75.3535919189
2762,50.0219802856
2763,70.53175354
2764,46.7885437012
2765,59.1448898315
2766,62.4274902344
2767,80.2040252686
2768,75.861907959
2769,67.317199707
2770,67.5752563477
2771,59.2749938965
2772,46.4021682739
2773,77.203994751
2774,70.1562652588
2775,56.3382644653
2776,62.8743896484
2777,62.1464691162
2778,72.8299255371
2779,47.9591674805
2780,71.2025604248
2781,71.6971588135
2782,61.0941238403
2783,53.0888900757
2784,56.6450271606
2785,62.8202285767
2786,64.549407959
2787,51.8251495361
2788,68.2672424316
2789,79.5327148438
2790,52.9249649048
2791,52.3375320435
2792,70.1505279541
2793,52.6943130493
2794,70.1340026855
2795,75.9812316895
2796,61.367149353
2797,58.6707000732
2798,57.4480743408
2799,82.5803222656
2800,73.2132873535
2801,61.8813095093
2802,59.2539901733
2803,53.1778869629
2804,73.990020752
2805,68.7099456787
2806,46.4833068848
2807,66.014175415
2808,68.576751709
2809,77.0140838623
2810,42.3754196167
2811,40.6039733887
2812,59.6903076172
2813,70.2472839355
2814,63.179359436
2815,71.2198791504
2816,70.7286529541
2817,71.7879638672
2818,47.8923950195
2819,66.4962387085
2820,46.1940307617
2821,57.2691650391
2822,75.1372528076
2823,74.4268188477
2824,69.1333312988
2825,58.5773391724
2826,70.2475585938
2827,73.1453704834
2828,43.5459747314
2829,76.7790985107
2830,72.0519256592
2831,77.4577941895
2832,63.5227050781
2833,64.8261260986
2834,67.7331695557
2835,55.3940429688
2836,60.0745620728
2837,69.979888916
2838,65.4198150635
2839,75.3098602295
2840,73.7236175537
2841,55.6120376587
2842,70.7967987061
2843,65.384979248
2844,66.7398452759
2845,68.4559936523
2846,69.4513397217
2847,57.0208206177
2848,65.3685150146
2849,77.7852478027
2850,52.4194030762
2851,71.7946777344
2852,74.1951293945
2853,71.8107299805
2854,57.9574813843
2855,75.5132293701
2856,66.4772338867
2857,70.340927124
2858,66.5943603516
2859,76.0369415283
2860,74.0678405762
2861,58.4199066162
2862,56.0357666016
2863,60.5286178589
2864,58.0272521973
2865,73.6622772217
2866,77.0511474609
2867,71.0701293945
2868,80.3687744141
2869,70.534286499
2870,49.0242462158
2871,71.8811645508
2872,72.4873199463
2873,64.0836181641
2874,52.0661468506
2875,65.7291259766
2876,50.4557037354
2877,79.5120391846
2878,79.8807373047
2879,42.2193145752
2880,42.060005188
2881,72.7268981934
2882,60.2986602783
2883,64.9625854492
2884,55.5067825317
2885,67.248626709
2886,67.3292541504
2887,73.3827972412
2888,70.8587036133
2889,67.5813140869
2890,67.379737854
2891,62.5914993286
2892,62.9005966187
2893,70.3108520508
2894,51.9851989746
2895,72.2624664307
2896,62.4952697754
2897,49.6771621704
2898,64.5153198242
2899,72.7400512695
2900,69.9589080811
2901,51.345741272
2902,72.0243377686
2903,56.4429702759
2904,68.7291870117
2905,79.8315887451
2906,70.0073242188
2907,72.200668335
2908,76.4103546143
2909,70.4682006836
2910,62.8481445313
2911,63.7981262207
2912,77.7234802246
2913,71.4653015137
2914,46.0085678101
2915,57.7625198364
2916,73.2015838623
2917,73.0832366943
2918,71.9467163086
2919,57.2060241699
2920,58.2162704468
2921,75.7362976074
2922,71.2534790039
2923,59.1347198486
2924,69.470413208
2925,81.8645782471
2926,61.3690643311
2927,78.8509216309
2928,64.1515350342
2929,59.8600692749
2930,47.8644866943
2931,55.6678543091
2932,68.6144256592
2933,70.8750762939
2934,51.5769271851
2935,75.964050293
2936,52.0881652832
2937,64.7102508545
2938,75.5514068604
2939,70.3045043945
2940,72.2794494629
2941,73.3862915039
2942,70.7890625
2943,54.2068634033
2944,72.2762908936
2945,77.3044891357
2946,70.4283905029
2947,55.8116149902
2948,66.6246032715
2949,67.6629486084
2950,65.3805999756
2951,71.6909484863
2952,53.2446060181
2953,74.1408233643
2954,74.1941223145
2955,57.4070053101
2956,53.5360641479
2957,72.9927215576
2958,77.9238586426
2959,71.730255127
2960,54.2547607422
2961,52.8019485474
2962,69.5868225098
2963,56.9252319336
2964,69.5400695801
2965,68.3000793457
2966,66.3651351929
2967,71.5727539063
2968,71.7589874268
2969,54.5540161133
2970,60.8389053345
2971,70.5033569336
2972,76.4658203125
2973,70.4024353027
2974,66.3789138794
2975,71.8196563721
2976,74.0007019043
2977,72.3430786133
2978,45.0680084229
2979,75.991394043
2980,54.0877075195
2981,66.7547607422
2982,58.3945465088
2983,77.6752319336
2984,81.6979675293
2985,46.0836868286
2986,70.0861816406
2987,67.103805542
2988,76.323059082
2989,62.3886260986
2990,68.9457550049
2991,73.7990722656
2992,51.0383071899
2993,60.8180923462
2994,71.0182342529
2995,66.0568237305
2996,76.8786468506
2997,47.3470687866
2998,46.8333129883
2999,66.4042663574
3000,63.2746963501
3001,80.5769348145
3002,70.3784332275
3003,80.3240966797
3004,74.2104187012
3005,43.9511489868
3006,52.0191421509
3007,64.3707427979
3008,69.7597351074
3009,68.8673553467
3010,73.9579162598
3011,64.7386169434
3012,65.5297698975
3013,73.216003418
3014,64.7844238281
3015,68.331741333
3016,72.5715637207
3017,69.6932983398
3018,57.3365097046
3019,73.1058502197
3020,70.3684844971
3021,39.0229797363
3022,61.1978378296
3023,44.2085571289
3024,71.6364593506
3025,80.0562133789
3026,73.5581054688
3027,45.903755188
3028,65.8387908936
3029,61.2997283936
3030,61.8380126953
3031,54.1609725952
3032,62.137260437
3033,74.0283660889
3034,74.2708892822
3035,75.751739502
3036,66.7686309814
3037,74.5974578857
3038,69.7032470703
3039,49.8012771606
3040,42.6051940918
3041,76.7823791504
3042,74.4150390625
3043,71.1885681152
3044,61.5602035522
3045,52.0654983521
3046,71.5054473877
3047,69.5247650146
3048,43.312286377
3049,69.3884887695
3050,50.314239502
3051,71.0594177246
3052,62.4286117554
3053,64.8353729248
3054,38.0541763306
3055,74.6294555664
3056,73.8684234619
3057,69.4326171875
3058,37.3920288086
3059,72.9725036621
3060,39.631149292
3061,65.077583313
3062,52.0601196289
3063,75.7335205078
3064,78.6074981689
3065,68.6477813721
3066,64.4320373535
3067,53.7879333496
3068,67.5107727051
3069,75.2555541992
3070,59.5290908813
3071,42.4620056152
3072,65.7689208984
3073,79.3508911133
3074,78.0073699951
3075,51.552444458
3076,48.86328125
3077,67.5036773682
3078,57.9451370239
3079,77.8984680176
3080,67.9744110107
3081,61.9156188965
3082,74.83152771
3083,77.9960784912
3084,72.5864257813
3085,49.450881958
3086,46.1641540527
3087,71.4975891113
3088,57.4583435059
3089,74.4358978271
3090,57.7787094116
3091,69.8194122314
3092,68.9267425537
3093,56.8702468872
3094,65.7767791748
3095,35.7400665283
3096,73.6152191162
3097,70.6553497314
3098,50.6545715332
3099,48.8714981079
3100,51.2142715454
3101,79.8223266602
3102,54.793762207
3103,49.7658691406
3104,68.0289611816
3105,74.0454101563
3106,50.0002365112
3107,77.3045196533
3108,57.8526611328
3109,69.0124359131
3110,39.8826980591
3111,41.9059448242
3112,55.884727478
3113,71.1985778809
3114,64.9414367676
3115,75.9047546387
3116,74.0979156494
3117,36.8847808838
3118,54.9811401367
3119,63.2836227417
3120,60.3145980835
3121,60.9790878296
3122,65.3794250488
3123,70.5518035889
3124,56.4976272583
3125,81.5247344971
3126,69.237701416
3127,64.7780914307
3128,61.3776702881
3129,77.2726135254
3130,66.6702423096
3131,70.6639404297
3132,49.2187423706
3133,66.6211090088
3134,74.2874603271
3135,33.0738754272
3136,51.8496551514
3137,80.3641204834
3138,72.8233337402
3139,55.9025268555
3140,71.9578094482
3141,70.8101348877
3142,41.639213562
3143,52.7046813965
3144,74.1011810303
3145,79.467590332
3146,57.5434112549
3147,49.93724823
3148,64.6311798096
3149,59.9376373291
3150,78.361831665
3151,60.8123168945
3152,79.8887176514
3153,61.4908294678
3154,50.2721633911
3155,77.7442779541
3156,66.8780593872
3157,65.2186889648
3158,53.4523925781
3159,74.1875152588
3160,45.5595245361
3161,50.0609588623
3162,64.9038391113
3163,60.8474349976
3164,63.0021972656
3165,58.6265563965
3166,76.5574035645
3167,59.3083267212
3168,43.4099884033
3169,64.6472167969
3170,68.5015563965
3171,74.9811859131
3172,68.1223449707
3173,74.417388916
3174,74.5291748047
3175,68.7935333252
3176,75.6407318115
3177,35.5903549194
3178,65.0340423584
3179,72.7589569092
3180,72.3999023438
3181,70.2639007568
3182,46.0317611694
3183,70.4577941895
3184,50.2241668701
3185,66.1194000244
3186,46.2363815308
3187,60.6695251465
3188,77.0591125488
3189,79.9098510742
3190,70.264175415
3191,43.0367050171
3192,57.5899429321
3193,71.3334503174
3194,71.6751556396
3195,79.8479309082
3196,56.54246521
3197,57.5338058472
3198,52.7571182251
3199,67.674987793
3200,61.8907012939
3201,46.4112930298
3202,66.9833526611
3203,55.8314208984
3204,60.3385772705
3205,67.4906082153
3206,42.4988098145
3207,70.7123260498
3208,60.207649231
3209,59.4689178467
3210,73.7184448242
3211,70.0958862305
3212,74.5608520508
3213,69.5708770752
3214,73.4594726563
3215,71.1406860352
3216,56.4982070923
3217,42.8496780396
3218,71.3084411621
3219,55.359664917
3220,64.1539916992
3221,61.9981384277
3222,80.6485137939
3223,68.28515625
3224,76.1439666748
3225,67.8332672119
3226,69.0896148682
3227,58.3807373047
3228,73.3568267822
3229,38.237953186
3230,43.8896484375
3231,69.4998168945
3232,64.3008117676
3233,60.986618042
3234,70.3477478027
3235,54.3138122559
3236,51.5922851563
3237,70.5153503418
3238,41.2267608643
3239,61.4429626465
3240,41.736076355
3241,65.6773529053
3242,58.3444442749
3243,64.2862319946
3244,51.9843826294
3245,79.4441223145
3246,52.6952209473
3247,68.546005249
3248,59.3355331421
3249,60.1021499634
3250,51.7190475464
3251,71.1318206787
3252,52.0317001343
3253,70.0064544678
3254,77.6276092529
3255,61.1661224365
3256,72.0517425537
3257,59.0479431152
3258,53.5423736572
3259,35.2570953369
3260,72.8814239502
3261,61.7583084106
3262,57.0084075928
3263,60.3385925293
3264,53.5420608521
3265,72.4759216309
3266,69.1042480469
3267,44.2779693604
3268,55.5928726196
3269,69.0554046631
3270,43.7813339233
3271,77.2851409912
3272,39.3283920288
3273,60.1368560791
3274,69.6549987793
3275,64.9309844971
3276,70.9149627686
3277,75.7479400635
3278,70.7791442871
3279,72.0183410645
3280,62.4082260132
3281,66.336730957
3282,57.5993804932
3283,74.248916626
3284,73.9021453857
3285,76.4341278076
3286,59.9574661255
3287,69.6991882324
3288,71.1416168213
3289,72.0397338867
3290,72.7019195557
3291,77.3271179199
3292,77.0249176025
3293,68.6990966797
3294,62.7090148926
3295,76.9495849609
3296,72.5087432861
3297,54.7046890259
3298,54.5951690674
3299,70.7724609375
3300,51.3135528564
3301,75.0413665771
3302,57.866973877
3303,65.7902832031
3304,70.4239501953
3305,74.9452667236
3306,40.3061447144
3307,68.138885498
3308,65.9520721436
3309,57.3313293457
3310,80.2430114746
3311,64.8666229248
3312,70.2207946777
3313,75.2836456299
3314,54.1790313721
3315,66.831817627
3316,77.5914001465
3317,75.8730926514
3318,74.193572998
3319,72.724319458
3320,55.4024658203
3321,60.5721359253
3322,79.0601043701
3323,74.4954681396
3324,71.3529663086
3325,79.9111175537
3326,70.6974639893
3327,77.3997039795
3328,49.9850234985
3329,72.2224273682
3330,53.5258712769
3331,64.691192627
3332,43.1733627319
3333,71.1088256836
3334,66.0804290771
3335,47.4245605469
3336,61.797492981
3337,81.0186309814
3338,42.5661087036
3339,73.4091644287
3340,41.0158309937
3341,72.3498382568
3342,74.5355377197
3343,36.7130508423
3344,44.8223800659
3345,61.1871795654
3346,74.0486450195
3347,66.1665878296
3348,61.4917068481
3349,56.0980834961
3350,67.5693817139
3351,79.9847412109
3352,75.9053955078
3353,70.1438751221
3354,67.5543518066
3355,62.8042678833
3356,67.5640563965
3357,51.6220550537
3358,50.5438537598
3359,50.352142334
3360,71.3597869873
3361,63.380065918
3362,71.4228515625
3363,50.3231658936
3364,63.4875335693
3365,72.7916870117
3366,49.7308654785
3367,71.9909820557
3368,68.1544342041
3369,79.6170806885
3370,73.8196105957
3371,69.4732513428
3372,76.3753814697
3373,76.7382202148
3374,70.3253479004
3375,78.631942749
3376,67.5001678467
3377,78.3781280518
3378,72.2820281982
3379,34.9621505737
3380,61.797958374
3381,71.6106109619
3382,56.5946044922
3383,47.8511810303
3384,72.585067749
3385,74.2461395264
3386,58.915145874
3387,73.0138244629
3388,69.5612030029
3389,82.049987793
3390,79.1093444824
3391,64.4250793457
3392,40.5892486572
3393,78.0259399414
3394,57.6355438232
3395,42.3362350464
3396,50.9444580078
3397,71.5930633545
3398,53.8288116455
3399,62.6420135498
3400,64.9647827148
3401,70.5908813477
3402,72.5674591064
3403,70.9476318359
3404,71.475402832
3405,77.2742919922
3406,70.605758667
3407,56.4775390625
3408,66.0169525146
3409,69.5357818604
3410,65.0878372192
3411,48.1383895874
3412,70.5116729736
3413,66.1889190674
3414,52.9842605591
3415,73.4125213623
3416,72.5234985352
3417,74.24269104
3418,57.2664642334
3419,55.3593215942
3420,73.4054260254
3421,54.2777252197
3422,48.7321395874
3423,53.7617492676
3424,51.2690811157
3425,76.8443756104
3426,80.113861084
3427,57.2027359009
3428,70.3389587402
3429,71.7479553223
3430,37.7906723022
3431,71.4095458984
3432,71.7791137695
3433,54.5673294067
3434,65.5968780518
3435,73.255065918
3436,51.7655029297
3437,70.8452453613
3438,66.9169158936
3439,71.927947998
3440,72.9577941895
3441,53.0502700806
3442,72.0763702393
3443,57.6518630981
3444,67.1964645386
3445,49.649887085
3446,77.0195922852
3447,46.9013519287
3448,70.3489685059
3449,69.9272003174
3450,76.2641906738
3451,62.1657028198
3452,73.8097839355
3453,68.616027832
3454,64.4794006348
3455,73.6449279785
3456,52.3477706909
3457,61.5113143921
3458,72.4516906738
3459,61.6803741455
3460,49.4866409302
3461,67.2433776855
3462,69.4931793213
3463,46.3731918335
3464,79.3206481934
3465,74.1268157959
3466,60.2681732178
3467,44.1883773804
3468,51.8198623657
3469,65.0553588867
3470,71.9483184814
3471,73.0380706787
3472,64.4636993408
3473,70.5923309326
3474,69.9164581299
3475,73.5275268555
3476,47.4071960449
3477,38.6019592285
3478,73.3144073486
3479,70.2533721924
3480,56.9743270874
3481,38.9136199951
3482,67.6759643555
3483,61.0437774658
3484,43.3710479736
3485,79.7350006104
3486,73.9147186279
3487,66.8430786133
3488,49.4986801147
3489,62.0309295654
3490,59.092666626
3491,69.9740753174
3492,69.1671142578
3493,60.1779937744
3494,62.9423141479
3495,75.1962280273
3496,63.664024353
3497,68.9438934326
3498,52.6460113525
3499,49.8505783081
3500,41.6130523682
3501,71.9547729492
3502,71.0380554199
3503,53.3367843628
3504,68.961517334
3505,41.0736999512
3506,69.1292877197
3507,65.8590087891
3508,63.9482727051
3509,47.8372802734
3510,68.5481262207
3511,46.9296340942
3512,36.6298904419
3513,67.0651092529
3514,38.6065673828
3515,47.7780685425
3516,67.975982666
3517,55.8167190552
3518,41.7839202881
3519,67.8357391357
3520,68.4324188232
3521,68.5306243896
3522,67.2440719604
3523,75.3132476807
3524,59.0937957764
3525,43.5648880005
3526,66.3665466309
3527,56.1800994873
3528,67.7641448975
3529,77.8558044434
3530,50.088470459
3531,51.5646820068
3532,49.9680023193
3533,66.9920883179
3534,64.2634124756
3535,62.6929626465
3536,66.8430480957
3537,66.2265014648
3538,61.8750762939
3539,50.0488433838
3540,78.1052856445
3541,52.7417907715
3542,72.5048522949
3543,53.735748291
3544,46.6943511963
3545,54.5654678345
3546,71.513458252
3547,56.607093811
3548,74.3295593262
3549,70.8403015137
3550,56.6772842407
3551,70.3585662842
3552,73.8123626709
3553,71.3378753662
3554,38.9570388794
3555,49.4158325195
3556,52.8458175659
3557,79.915725708
3558,49.8426818848
3559,59.1577606201
3560,67.2318954468
3561,73.9926605225
3562,49.9950408936
3563,77.3510742188
3564,81.5583190918
3565,69.6423187256
3566,80.7284393311
3567,50.3013305664
3568,71.8461608887
3569,42.4107589722
3570,70.9634552002
3571,76.4381103516
3572,64.7594451904
3573,75.6517333984
3574,80.800994873
3575,54.183052063
3576,63.6714019775
3577,61.4574584961
3578,60.8517608643
3579,50.4262008667
3580,79.3054504395
3581,67.3238830566
3582,38.9597320557
3583,56.9931564331
3584,82.3515167236
3585,68.6112976074
3586,60.9229278564
3587,60.83253479
3588,65.7216415405
3589,55.7422027588
3590,61.1726913452
3591,69.3739776611
3592,66.560256958
3593,74.1985473633
3594,50.5348892212
3595,53.4198074341
3596,79.7661437988
3597,56.2353744507
3598,60.3716201782
3599,71.2640075684
3600,70.729888916
3601,73.7232513428
3602,69.6244506836
3603,79.3667602539
3604,58.2376403809
3605,50.6313018799
3606,51.7349243164
3607,73.766494751
3608,78.3434906006
3609,72.9583282471
3610,79.7731018066
3611,50.2066497803
3612,77.32862854
3613,64.1102523804
3614,52.1666717529
3615,69.1219329834
3616,49.9073562622
3617,64.4994506836
3618,60.3941040039
3619,65.7315368652
3620,61.0101394653
3621,76.2051544189
3622,58.5044708252
3623,61.5194320679
3624,71.1093444824
3625,65.228012085
3626,59.9194869995
3627,45.0959243774
3628,67.6428146362
3629,62.8363189697
3630,71.2318878174
3631,57.2883529663
3632,63.5158920288
3633,72.7333831787
3634,73.899597168
3635,71.794631958
3636,54.6672668457
3637,47.3507919312
3638,70.9114990234
3639,49.31690979
3640,69.5572509766
3641,66.3998718262
3642,45.1025085449
3643,76.8190765381
3644,78.9089660645
3645,57.0905075073
3646,70.7058563232
3647,45.2918014526
3648,79.9279174805
3649,70.6932373047
3650,55.3732528687
3651,77.4379272461
3652,64.7317581177
3653,61.3674621582
3654,45.9091873169
3655,67.268081665
3656,48.7144927979
3657,60.0817871094
3658,73.7651977539
3659,63.6994552612
3660,76.2908477783
3661,70.3539733887
3662,60.3163833618
3663,59.9870758057
3664,74.3486328125
3665,71.9061584473
3666,69.5524902344
3667,74.5487823486
3668,71.0548095703
3669,56.8421554565
3670,65.878616333
3671,68.1111297607
3672,65.9948272705
3673,42.5916213989
3674,71.4518737793
3675,63.0762863159
3676,74.7814483643
3677,66.4917068481
3678,70.6907501221
3679,58.3254013062
3680,73.5897827148
3681,71.9150848389
3682,37.8774185181
3683,77.3944244385
3684,81.1859588623
3685,53.8840560913
3686,65.6994781494
3687,64.2892074585
3688,46.0351791382
3689,70.2563171387
3690,72.2765350342
3691,73.4214172363
3692,50.4889373779
3693,70.4479827881
3694,69.4929962158
3695,61.5619354248
3696,66.1673126221
3697,72.9538421631
3698,67.2206573486
3699,57.4996185303
3700,52.3669204712
3701,52.1591873169
3702,79.2956390381
3703,53.6620559692
3704,50.8406143188
3705,71.0189819336
3706,43.5501327515
3707,77.5177612305
3708,61.0730895996
3709,59.653968811
3710,54.8717498779
3711,65.2929000854
3712,61.0412902832
3713,72.6511230469
3714,61.901184082
3715,54.8929977417
3716,72.6159515381
3717,68.9138641357
3718,44.6722869873
3719,71.1585998535
3720,66.1874542236
3721,73.1155090332
3722,77.913848877
3723,59.0682296753
3724,39.7120819092
3725,49.1858673096
3726,69.3850402832
3727,64.6475372314
3728,71.4381561279
3729,76.1793212891
3730,70.8238677979
3731,62.2775039673
3732,72.7416687012
3733,66.0176849365
3734,65.9546051025
3735,57.3605422974
3736,74.5287475586
3737,48.4172134399
3738,46.1572647095
3739,59.2421569824
3740,68.9562683105
3741,71.3273468018
3742,72.1141052246
3743,72.4977264404
3744,75.8773040771
3745,70.849395752
3746,77.2243347168
3747,68.7742004395
3748,73.2535552979
3749,64.7062225342
3750,64.5568389893
3751,54.2190551758
3752,70.0202026367
3753,70.0508117676
3754,74.4497680664
3755,67.0935516357
3756,70.699798584
3757,69.3754425049
3758,74.2505187988
3759,55.2149505615
3760,65.9165878296
3761,70.0026855469
3762,71.8950958252
3763,68.020111084
3764,63.6968917847
3765,58.1877212524
3766,54.1829376221
3767,65.321105957
3768,81.530090332
3769,71.1266479492
3770,55.0394058228
3771,50.2681884766
3772,47.8239517212
3773,75.7822875977
3774,74.2732849121
3775,73.0246124268
3776,55.1775741577
3777,60.2913208008
3778,77.9721832275
3779,74.1567230225
3780,81.2012023926
3781,48.6640167236
3782,70.6355285645
3783,70.7962799072
3784,49.941947937
3785,70.7348937988
3786,73.7093048096
3787,66.7900238037
3788,43.8235092163
3789,70.50340271
3790,66.0906829834
3791,50.9346694946
3792,44.5300674438
3793,80.7727966309
3794,41.1757736206
3795,42.75340271
3796,72.603805542
3797,53.2946624756
3798,37.2709732056
3799,59.748085022
3800,74.0296173096
3801,66.1613922119
3802,68.2577514648
3803,68.2173156738
3804,53.9762039185
3805,70.5482940674
3806,76.1891937256
3807,70.3015899658
3808,68.4243774414
3809,56.0647201538
3810,49.0826263428
3811,71.6131896973
3812,51.762588501
3813,50.5251922607
3814,59.7891159058
3815,50.5050125122
3816,71.3728942871
3817,58.5449752808
3818,70.8999633789
3819,48.7251968384
3820,79.131652832
3821,65.6148376465
3822,49.8998794556
3823,70.9068145752
3824,69.4159393311
3825,73.6714477539
3826,70.8586730957
3827,71.9948730469
3828,75.869934082
3829,69.396987915
3830,79.6014099121
3831,72.2783050537
3832,78.7212982178
3833,78.7546081543
3834,72.9678649902
3835,65.7274932861
3836,75.9242553711
3837,61.5919952393
3838,71.9407806396
3839,57.2131118774
3840,62.821685791
3841,49.4828720093
3842,44.4634017944
3843,59.0927124023
3844,73.0210571289
3845,62.093788147
3846,70.068649292
3847,45.9899597168
3848,68.5596618652
3849,53.1060333252
3850,79.0497741699
3851,43.144744873
3852,68.795135498
3853,77.8412322998
3854,74.7352905273
3855,74.4835205078
3856,66.73828125
3857,50.1736602783
3858,53.7380981445
3859,61.68359375
3860,64.4572906494
3861,74.0595397949
3862,71.9778900146
3863,72.2934417725
3864,77.3243865967
3865,70.9333190918
3866,67.6269226074
3867,63.9610824585
3868,73.2346954346
3869,58.9557800293
3870,73.7183227539
3871,74.1868286133
3872,55.5047454834
3873,53.2181091309
3874,79.9508666992
3875,56.7495040894
3876,70.0218811035
3877,76.8140563965
3878,68.9376220703
3879,55.4398269653
3880,70.5023651123
3881,54.6928100586
3882,73.6089935303
3883,51.3395614624
3884,58.7244949341
3885,70.7289581299
3886,66.4410095215
3887,71.8641662598
3888,71.7694091797
3889,53.17527771
3890,56.0989608765
3891,68.8619232178
3892,70.0511169434
3893,78.9261322021
3894,44.4863433838
3895,69.4369354248
3896,61.8371276855
3897,63.072052002
3898,73.13722229
3899,65.7621917725
3900,74.2068328857
3901,52.1315307617
3902,60.3671951294
3903,72.2474975586
3904,46.9679870605
3905,34.8482437134
3906,49.1295700073
3907,77.1917724609
3908,67.4028625488
3909,70.2367706299
3910,79.5352783203
3911,65.667930603
3912,73.7543029785
3913,58.0868682861
3914,65.4187011719
3915,70.8807067871
3916,71.0876464844
3917,73.5024261475
3918,73.7243652344
3919,39.3039321899
3920,73.47215271
3921,69.9186096191
3922,38.9721450806
3923,67.3475341797
3924,73.8184509277
3925,42.6284484863
3926,47.5946273804
3927,79.40965271
3928,73.0305786133
3929,72.1781158447
3930,66.2863006592
3931,38.7680511475
3932,59.5131072998
3933,62.2921524048
3934,70.1999664307
3935,70.5659179688
3936,74.5111999512
3937,69.1770324707
3938,74.7496948242
3939,75.2333831787
3940,78.4969177246
3941,64.1912307739
3942,74.8773956299
3943,72.1396331787
3944,69.178237915
3945,48.4976654053
3946,70.8814544678
3947,74.3043060303
3948,40.3196487427
3949,76.943145752
3950,70.59375
3951,54.2929153442
3952,41.5275802612
3953,68.6921081543
3954,71.2736663818
3955,71.812210083
3956,71.8600616455
3957,24.6030693054
3958,67.8707580566
3959,63.1459503174
3960,47.805770874
3961,52.9473114014
3962,49.3556900024
3963,55.749168396
3964,57.0917892456
3965,37.0688781738
3966,38.6523590088
3967,58.3682327271
3968,53.0807113647
3969,75.438659668
3970,44.5213470459
3971,72.1361846924
3972,75.3918457031
3973,54.2317886353
3974,68.4178771973
3975,49.949432373
3976,70.248046875
3977,67.0297088623
3978,74.5452880859
3979,46.6190643311
3980,43.2500686646
3981,78.4079589844
3982,70.4384460449
3983,49.9247589111
3984,52.0325546265
3985,60.2978744507
3986,49.5246124268
3987,72.3740081787
3988,64.6252212524
3989,60.7664031982
3990,67.6841125488
3991,67.7006378174
3992,78.1466217041
3993,72.338684082
3994,60.3048324585
3995,52.1609802246
3996,56.4607696533
3997,74.5048217773
3998,70.8489532471
3999,61.7166213989
4000,62.052406311
4001,70.6306915283
4002,74.3450469971
4003,71.4673461914
4004,39.6815109253
4005,49.2736206055
4006,52.4394836426
4007,49.0336380005
4008,58.1759185791
4009,49.0909881592
4010,59.9689865112
4011,67.369354248
4012,74.2034759521
4013,50.1233978271
4014,57.6039962769
4015,58.5470581055
4016,70.5801086426
4017,77.1376037598
4018,62.7713851929
4019,42.2015228271
4020,72.2328948975
4021,76.3467254639
4022,66.9795532227
4023,75.1183319092
4024,55.8265914917
4025,64.0633850098
4026,68.9614715576
4027,50.1081848145
4028,50.7027359009
4029,79.1171417236
4030,67.0682907104
4031,59.4959716797
4032,47.2435150146
4033,57.7037658691
4034,82.2699127197
4035,70.8385925293
4036,53.648727417
4037,61.2498245239
4038,74.5460357666
4039,66.55128479
4040,48.5707473755
4041,62.0173950195
4042,74.6985015869
4043,71.7488098145
4044,54.6259231567
4045,79.7070007324
4046,52.3910903931
4047,65.9386444092
4048,70.6280517578
4049,73.5445556641
4050,48.6953048706
4051,78.6898956299
4052,72.8963470459
4053,50.2816696167
4054,50.8266830444
4055,52.5390853882
4056,78.9668426514
4057,60.3426437378
4058,80.1648406982
4059,51.1300048828
4060,65.7378768921
4061,63.5952148438
4062,42.3318862915
4063,53.7312774658
4064,48.8505554199
4065,64.5632247925
4066,50.3119430542
4067,69.0809783936
4068,68.7938232422
4069,60.1230239868
4070,76.1490478516
4071,58.8784713745
4072,54.7532730103
4073,53.193359375
4074,46.0372467041
4075,78.2232055664
4076,66.6661987305
4077,80.1195220947
4078,63.7698364258
4079,72.1803894043
4080,70.4029388428
4081,75.5692138672
4082,70.7045288086
4083,75.7486877441
4084,81.4344329834
4085,47.6343383789
4086,70.6008911133
4087,50.0128860474
4088,65.7451171875
4089,45.3245925903
4090,74.5251159668
4091,76.381362915
4092,63.5505065918
4093,79.2843017578
4094,52.9507827759
4095,72.6501464844
4096,70.9637145996
4097,79.2466583252
4098,70.5512084961
4099,69.1054534912
4100,55.1039657593
4101,74.647277832
4102,65.9616088867
4103,62.0043869019
4104,45.3340682983
4105,59.6872787476
4106,59.8474731445
4107,51.2300109863
4108,65.9932327271
4109,48.9566650391
4110,69.2344360352
4111,72.2838897705
4112,76.2195129395
4113,53.5057983398
4114,51.7790908813
4115,70.3428497314
4116,58.6467208862
4117,59.8461074829
4118,79.9678649902
4119,71.5891418457
4120,72.9975738525
4121,69.2181243896
4122,70.0575866699
4123,74.4036407471
4124,71.1759338379
4125,56.462890625
4126,70.0358734131
4127,54.0721969604
4128,71.8375549316
4129,73.0076599121
4130,62.0528640747
4131,74.8699645996
4132,60.0575256348
4133,69.9378204346
4134,67.6204986572
4135,67.6455078125
4136,58.3130874634
4137,73.5221099854
4138,71.0712127686
4139,36.9594116211
4140,77.6551361084
4141,81.7632751465
4142,69.9148101807
4143,45.0249176025
4144,68.9078826904
4145,70.9293518066
4146,54.7615509033
4147,72.4494476318
4148,73.6469573975
4149,70.6090545654
4150,40.4929733276
4151,62.1150665283
4152,60.9099273682
4153,60.7057952881
4154,68.884475708
4155,67.345703125
4156,52.4949035645
4157,52.7624206543
4158,78.9781188965
4159,70.2085571289
4160,50.2698745728
4161,72.1450195313
4162,77.2394561768
4163,67.805480957
4164,62.4956970215
4165,59.8448791504
4166,47.0697250366
4167,56.1141052246
4168,64.607460022
4169,34.4973373413
4170,77.0791931152
4171,55.3140411377
4172,71.0983428955
4173,69.1571044922
4174,43.6821365356
4175,58.4230728149
4176,73.2770080566
4177,75.7819519043
4178,59.5375900269
4179,50.4963531494
4180,69.1625518799
4181,77.9002838135
4182,60.3617782593
4183,71.2152099609
4184,71.2235107422
4185,61.8883972168
4186,54.3560409546
4187,65.3545227051
4188,65.6198654175
4189,73.0259552002
4190,57.1811828613
4191,68.7017364502
4192,49.2492370605
4193,45.8579864502
4194,59.0442733765
4195,67.5469055176
4196,71.8901824951
4197,70.3634643555
4198,70.9933319092
4199,73.2656402588
4200,77.710647583
4201,73.1245574951
4202,64.0862579346
4203,58.1224822998
4204,54.3975524902
4205,70.4711608887
4206,70.8164825439
4207,69.3747558594
4208,49.5107803345
4209,68.755065918
4210,72.3258209229
4211,67.2420043945
4212,69.0681762695
4213,75.1042480469
4214,55.7869110107
4215,66.0414657593
4216,66.5651702881
4217,41.6806640625
4218,42.9529953003
4219,65.3747177124
4220,59.4227981567
4221,65.9577178955
4222,40.0933837891
4223,49.0054321289
4224,76.479888916
4225,46.798500061
4226,81.6205749512
4227,51.9138870239
4228,53.9990386963
4229,50.210105896
4230,49.9748764038
4231,50.0525360107
4232,74.5071258545
4233,63.0160446167
4234,54.6333770752
4235,60.7087936401
4236,78.4481506348
4237,74.8697814941
4238,81.0426330566
4239,40.9608840942
4240,47.8793563843
4241,70.7766876221
4242,50.5390396118
4243,70.8361206055
4244,76.6072998047
4245,67.1928100586
4246,55.8357772827
4247,70.5104675293
4248,66.551864624
4249,52.0131225586
4250,45.17212677
4251,41.4755172729
4252,41.7157516479
4253,71.519241333
4254,53.9967651367
4255,74.1998138428
4256,38.1260452271
4257,68.3728942871
4258,59.8185195923
4259,74.2947845459
4260,66.7612304688
4261,68.2434844971
4262,68.9785766602
4263,74.0302124023
4264,39.303527832
4265,70.7727050781
4266,75.9755401611
4267,67.6813964844
4268,71.3027038574
4269,52.628616333
4270,50.1962738037
4271,45.900390625
4272,58.7870483398
4273,70.6070251465
4274,49.579574585
4275,62.4892349243
4276,79.0767822266
4277,71.3070220947
4278,58.2364959717
4279,69.0927124023
4280,73.627822876
4281,70.4424591064
4282,71.958190918
4283,81.1790466309
4284,75.9156036377
4285,73.0446777344
4286,78.2181091309
4287,50.2578735352
4288,79.0709075928
4289,66.7458190918
4290,70.4102630615
4291,75.3602600098
4292,60.8091430664
4293,71.6141967773
4294,56.8366851807
4295,36.0896377563
4296,60.8967590332
4297,44.835105896
4298,72.7278594971
4299,62.7389678955
4300,70.2601623535
4301,81.8347015381
4302,54.1852798462
4303,54.8112411499
4304,78.1061096191
